der;Abend;e;;;;nomen;este;0
das;Abendessen;-;;;;nomen;vacsora;4
;abenteuerlich;;;;;adjektive;kalandos;0|6|9
das;Abitur;e;;;;nomen;érettségi;2
;abschließen;;schloss ab;h. abgeschlossen;schließe ab|schließt ab|schließt ab|schließen ab|schließt ab|schließen ab;verben;"lezár; befejez";0|2
;absolvieren;;absolvierte;h. absolviert;absolviere|absolvierst|absolviert|absolvieren|absolviert|absolvieren;verben;"elvégez; befejez";2
;abstehend;;;;;adjektive;"távolálló; elálló";0
die;Adresse;n;;;;nomen;lakcím;1|5|7
der;Advent;e;;;;nomen;advent;9
der;Adventskranz;Adventkränze;;;;nomen;adventi koszorú;9
der;Adventsonntag;e;;;;nomen;advent vasárnapja;9|10
die;Adventszeit;;;;;nomen;advent ideje;9|10
;aggressiv;;;;;adjektive;"agresszív; erőszakos";1
;aktiv;;;;;adjektive;"aktív; tevékeny";1|2|8
;alle;;;;;adjektive;minden;0
;alleinstechend;;;;;adjektive;egyedülálló;1
;allgemein;;;;;adjektive;"általános; általában";0
das;Alter;;;;;nomen;életkor;1
;angeberisch;;;;;adjektive;"hencegő; felvágós";1
der;Angehörige;n;;;;nomen;hozzátartozó;1
;angenehm;;;;;adjektive;kellemes;0|6
;angeschwollen;;;;;adjektive;"megdagadt; duzzadt";0|8
die;Anschrift;en;;;;nomen;"lakcím; címzés";1|5|7
;anständig;;;;;adjektive;"tisztességes; illedelmes; rendes";1|2
;anziehen;;zog an;h. angezogen;ziehe an|ziehst an|zieht an|ziehen an|zieht an|ziehen an;verben;"felöltözik; felvesz";10
der;Apfel;Äpfel;;;;nomen;alma;4|10
der;Appetit;e;;;;nomen;étvágy;4
;appetitlich;;;;;adjektive;étvágygerjesztő;4
die;Aprikose;n;;;;nomen;"sárgabarack; kajszibarack";4|10
die;Arbeit;en;;;;nomen;"állás; feladat; munka";2|3
;arbeiten;;arbeitete;h. gearbeitet;arbeite|arbeitest|arbeitet|arbeiten|arbeitet|arbeiten;verben;dolgozni;3
die;Arbeitsgemeinschaft;en;;;;nomen;"szakkör; munkacsoport";2|3
der;Arbeitslose;n;;;;nomen;munkanélküli;1|3
der;Arbeitsplatz;Arbeitsplätze;;;;nomen;munkahely;3
die;Arbeitsstelle;n;;;;nomen;munkahely;3
;arrogant;;;;;adjektive;arrogáns;1
der;Arzt;Ärzte;;;;nomen;orvos;3|8
die;Ärztin;nen;;;;nomen;orvosnő;3|8
;athletisch;;;;;adjektive;atlétikus;1|8
;attraktiv;;;;;adjektive;"csinos; bájos; vonzó";1|10
;aufbauen;;baute auf;h. aufgebaut; baue auf|baust auf|baut auf|bauen auf|baut auf|bauen auf;verben;felépít;0|3|5
;aufdringlich;;;;;adjektive;"erőszakos; sűrgető; tolakodó";1
die;Aufgabe;n;;;;nomen;feladat;0|2|3
;aufgeschlossen;;;;;adjektive;"nyitott gondolkodású; őszínte; nyíltszívű";1
;aufhängen;;hängte auf;h. aufgehängt;hänge auf|hängst auf|hängt auf|hängen auf|hängt auf|hängen auf;verben;felakaszt;0
;aufrichtig;;;;;adjektive;"őszinte; egyenes";1
der;Aufschnitt;e;;;;nomen;felvágott;4
das;Auge;n;;;;nomen;szem;1|8
die;Ausbildung;en;;;;nomen;"műveltség; kiképzés";1|3
der;Ausflug;Ausflüge;;;;nomen;kirándulás;1|2|6|11
der;Ausgang;Ausgänge;;;;nomen;kijárat;0|5|7
;ausgeglichen;;;;;adjektive;kiegyensúlyozott;1|8
;ausgeprägt;;;;;adjektive;jellegzetes;1|11
;ausgiebig;;;;;adjektive;kiadós;4|8
;aussehen;;sah aus;h. ausgesehen;sehe aus|siehst aus|sieht aus|sehen aus|seht aus|sehen aus;verben;kinéz valahogy;1
;ausüben;;übte aus;h. ausgeübt;übe aus|übst aus|übt aus|üben aus|übt aus|üben aus;verben;"begyakorol; folytat";2
das;Auto;s;;;;nomen;autó;0|3|5
das;Baby;s;;;;nomen;bébi;1
;backen;;backte;h. gebacken;backe|bäckst|bäckt|backen|backt|backen;verben;süt (sütit);0|9
der;Bäcker;-;;;;nomen;pék;3
die;Bäckerin;nen;;;;nomen;pék (nő);3
der;Baletttänzer;-;;;;nomen;balettáncos;3
die;Baletttänzerin;nen;;;;nomen;balettáncosnő;3
die;Banane;n;;;;nomen;banán;4|10
die;Bandweihe;;;;;nomen;szalagavató;2|9
das;Basilikum;s;;;;nomen;bazsalikom;4
der;Beamte;n;;;;nomen;hivatalnok (férfi);3
die;Beamtin;nen;;;;nomen;hivatalnok (nő);3
;begabt;;;;;adjektive;tehetséges;1|3
;beharrlich;;;;;adjektive;"kitartó; ragaszkodó";1|2|3
;beherrschen;;beherrschte;h. beherrscht;beherrsche|beherrscht|beherrscht|beherrschen|beherrscht|beherrschen;verben;"uralkodik; tökéletesen tud";1
die;Beilage;n;;;;nomen;"köret; melléklet";4
;beilegen;;legte bei;h. beigelegt;lege bei|legst bei|legt bei|legen bei|legt bei|legen bei;verben;"mellékel; csatol";0
das;Bein;e;;;;nomen;láb;1|8
;bekommen;;bekam;h. bekommen;bekomme|bekommst|bekommt|bekommen|bekommt|bekommen;verben;kap;0
;beleibt;;;;;adjektive;"testes; kövér";1|8
;bemalen;;bemalte;h. bemalt;bemale|bemalst|bemalt|bemalen|bemalt|bemalen;verben;befest;3|7
der;Beruf;e;;;;nomen;"szakma; foglalkozás";3
;beruflich;;;;;adjektive;szakmai;3
;berufstätig;;;;;adjektive;"dolgozó; hivatását gyakorló";3
;beschäftigen;;beschäftigte;h. beschäftigt;beschäftige|beschäftigst|beschäftigt|beschäftigen|beschäftigt|beschäftigen;verben;foglalkozni vmivel;2|3
;bescheiden;;;;;adjektive;szerény;1
;bescheren;;bescherte;h. beschert;beschere|bescherst|beschert|bescheren|beschert|bescheren;verben;"ajándékoz; meglep";9
die;Bescherung;en;;;;nomen;"ajándékozás; meglepetés";9
;bescheuert;;;;;adjektive;bolond;1
;bespritzen;;bespritzte;h. bespritzt;bespritze|bespritzt|bespritzt|bespritzen|bespritzt|bespritzen;verben;"lefröcsköl; locsol";0|9
;beständig;;;;;adjektive;"állandó; kitartó";1|2|3
;besuchen;;besuchte;h. besucht;besuche|besuchst|besucht|besuchen|besucht|besuchen;verben;meglátogat;0|1|6|9
der;Betrieb;e;;;;nomen;vállalat;3
der;Betrug;Betruge;;;;nomen;csalás;0|2|3
;betrübt;;;;;adjektive;"szomorú; bánatos";1
;betrügen;;betrog;h. betrogen;betrüge|betrügst|betrügt|betrügen|betrügt|betrügen;verben;"csal; becsap";1|2
;betrügerisch;;;;;adjektive;"csaló; csalóka";1
das;Bett;-;;;;nomen;ágy;7
;bevorzugen;;bevorzugte;h. bevorzugt;bevorzuge|bevorzugst|bevorzugt|bevorzugen|bevorzugt|bevorzugen;verben;előnyben részesít;0|5|6
;beweglich;;;;;adjektive;"mozgékony; mozgatható";1|7
;bewerben;;bewarb;h. beworben;bewerbe|bewirbst|bewirbt|bewerben|bewerbt|bewerben;verben;"pályázik; jelentkezik";2|3
der;Bewerber;-;;;;nomen;"pályázó; jelentkező (férfi)";2|3
die;Bewerberin;nen;;;;nomen;"pályázó; jelentkező (nő)";2|3
die;Bewerbung;en;;;;nomen;"pályázat; kérelem";2|3
die;Beziehung;en;;;;nomen;"összefüggés; kapcsolat";1
das;Bier;e;;;;nomen;sör;0|4
der;Biologe;n;;;;nomen;biológus;3
die;Biologie;;;;;nomen;biológia;2|8
die;Birne;n;;;;nomen;körte;4|10
;bisschen;;;;;adjektive;"kicsit; kissé";0
;bitter;;;;;adjektive;keserű;4
;blass;;;;;adjektive;sápadt;1|8
;blau;;;;;adjektive;kék;0
;blaugrau;;;;;adjektive;kékesszürke;0
;bleiben;;blieb;i. geblieben;bleibe|bleibst|bleibt|bleiben|bleibt|bleiben;verben;marad;0
der;Bleistift;e;;;;nomen;ceruza;2
;blond;;;;;adjektive;szőke;1
;blöde;;;;;adjektive;"bamba; bárgyú";1
der;Blutsverwandte;n;;;;nomen;vérrokon;1
die;Bohne;n;;;;nomen;bab;4
;borniert;;;;;adjektive;korlátolt;1
;braten;;briet;h. gebraten;brate|brätst|brät|braten|bratet|braten;verben;húst süt;4
das;Brathähnchen;-;;;;nomen;sült csirke;4
die;Bratwurst;Bratwürste;;;;nomen;sült kolbász;4
;braun;;;;;adjektive;barna;0
die;Braut;Bräute;;;;nomen;menyasszony;1|9
die;Brautentführung;en;;;;nomen;menyasszony szöktetés;1|9
der;Brautführer;-;;;;nomen;vőfély;1|9
das;Brautgeschenk;e;;;;nomen;nászajándék;1|9
der;Bräutigam;e;;;;nomen;vőlegény;1|9
das;Brautkleid;er;;;;nomen;menyasszonyi ruha / vőlegény ruha;1|9|10
der;Brautkranz;Brautkränze;;;;nomen;menyasszonyi koszorú;1|9
die;Brautmutter;Brautmütter;;;;nomen;örömanya;1|9
das;Brautpaar;e;;;;nomen;jegyesek;1|9
der;Brautring;e;;;;nomen;jeggyűrű;1|9
der;Brautschleier;-;;;;nomen;fátyol (menyasszonyi);1|9
der;Brautstrauß;Brautstraüße;;;;nomen;menyasszonyi csokor;1|9
der;Brauttanz;Brauttänze;;;;nomen;menyasszonyi tánc;1|9
der;Brautvater;Brautväter;;;;nomen;örömapa;1|9
;breit;;;;;adjektive;"tág; széles";0|5
das;Brief;e;;;;nomen;levél;0
der;Briefträger;-;;;;nomen;"postás; levélhordó";3
die;Brille;n;;;;nomen;szemüveg;0
;bringen;;brachte;h. gebracht;bringe|bringst|bringt|bringen|bringt|bringen;verben;"hoz; visz";0|5
der;Brokkoli;s;;;;nomen;brokkoli;4|10
das;Brot;e;;;;nomen;kenyér;4|10
der;Brotkorb;Brotkörbe;;;;nomen;kenyérkosár;4|10
das;Brötchen;-;;;;nomen;zsemle;4|10
der;Bruder;Brüder;;;;nomen;fiútestvér;1
;brüchig;;;;;adjektive;törékeny;1|8
der;Buntstift;e;;;;nomen;színes ceruza;2
der;Busfahrer;-;;;;nomen;buszsofőr;3|5
die;Butter;-;;;;nomen;vaj;4|10
;büffeln;;büffelte;h. gebüffelt;büffele|büffelst|büffelt|büffeln|büffelt|büffeln;verben;magol;2
der;Charakter;e;;;;nomen;"jellem; karakter";1
der;Chef;s;;;;nomen;"szakács; főnök";2|3
die;Chemie;;;;;nomen;kémia;2
der;Chemiker;-;;;;nomen;"vegyész; gyógyszerész";3|8
der;Chili;;;;;nomen;erős paprika;4|10
die;Christnacht;Christnächte;;;;nomen;karácsony éjjele;9
;clever;;;;;adjektive;ügyes;1|3
die;Cola;s;;;;nomen;kóla;4|8|10
;cool;;;;;adjektive;"király; klassz; kiváló";0
der;Cousin;s;;;;nomen;unokatestvér (fiú);1
die;Cousine;n;;;;nomen;unokatestvér (lány);1
das;Curry;s;;;;nomen;curry;4|10
der;Dachdecker;-;;;;nomen;tetőfedő;3
die;Dattel;n;;;;nomen;datolya;4|10
;dauergewellt;;;;;adjektive;dauerolt;1
das;Dessert;s;;;;nomen;desszert;4
die;Dessertgabel;n;;;;nomen;dessert villa;4
;diamanten;;;;;adjektive;gyémánt;0
;dick;;;;;adjektive;"kövér; vaskos";1|8
;dickbäuchig;;;;;adjektive;pocakos;1
das;Diplom;e;;;;nomen;diploma;2|3
das;Direktorenzimmer;-;;;;nomen;igazgatói iroda;2
;diszipliniert;;;;;adjektive;fegyelmezett;1|2|3
;doof;;;;;adjektive;"bugyuta; buta";1
das;Dorf;Dörfer;;;;nomen;falu;0|5
;draufgängerisch;;;;;adjektive;"rámenős; nyomulós";1
;dreigängig;;;;;adjektive;háromfogásos;4
der;Drilling;e;;;;nomen;hármasikrek;1
;dritte Zähne;;;;;nomen;műfogsor;0|1
;dumm;;;;;adjektive;"buta; ostoba";1|2
;dunkle;;;;;adjektive;sötét;0
der;Durchschnittsmensch;en;;;;nomen;átlagember;1
;durchtrainiert;;;;;adjektive;kigyúrt;1
;durstig;;;;;adjektive;szomjas;4
die;Dusche;n;;;;nomen;zuhany;7
;dünn;;;;;adjektive;sovány;1
;dünsten;;dünstete;h. gedünstet;dünste|dünstest|dünstet|dünsten|dünstet|dünsten;verben;"párol; dinsztel";4|8
;dynamisch;;;;;adjektive;dinamikus;0|9
;eckig;;;;;adjektive;szögletes;0
die;Ehe;en;;;;nomen;házasság;1|9
die;Ehefrau;en;;;;nomen;feleség;1|9
der;Ehemann;Ehemänner;;;;nomen;férj;1|9
die;Ehering;e;;;;nomen;jeggyűrű;1|9
die;Eheschließung;en;;;;nomen;házasságkötés;1|9
;ehrlich;;;;;adjektive;"becsületes; őszinte";1|2|3
das;Ei;er;;;;nomen;tojás;4
das;Eigenheim;e;;;;nomen;családi ház;1|7
die;Eigenschaft;en;;;;nomen;tulajdonság;0|1
;einfältig;;;;;adjektive;"együgyü; buta";1
der;Eingang;Eingänge;;;;nomen;bejárat;0|5|7
;eingebildet;;;;;adjektive;beképzelt;1
das;Einkommen;-;;;;nomen;"jövedelem; bevétel";0|3
;einladen;;lud ein;h. eingeladen;lade ein|lädst ein|lädt ein|laden ein|ladet ein|laden ein;verben;"meghív; bepakol";0
die;Einschulung;n;;;;nomen;iskolába küldés;2|5
das;Einzelkind;er;;;;nomen;egyke;1
das;Eis;;;;;nomen;fagylalt;4
die;Eltern;;;;;nomen;szülők;1
der;Empfang;Empfänge;;;;nomen;fogadás;1
;empfangen;;empfing;h. empfangen;empfange|empfängst|empfängt|empfangen|empfangt|empfangen;verben;"fogad; vesz";0
;empfindlich;;;;;adjektive;érzékeny;1
;energisch;;;;;adjektive;"erélyes; energikus";1|2|3
der;Enkel;-;;;;nomen;fiúunoka;1
die;Enkelin;nen;;;;nomen;lányunoka;1
der;Enkelsohn;Enkelsöhne;;;;nomen;fiúunoka;1
die;Enkeltochter;Enkeltöchter;;;;nomen;lányunoka;1
;entfernt;;;;;adjektive;távoli;0|6
die;Erdbeere;n;;;;nomen;eper;4|10
;erfahren;;erfuhr;h. erfahren;erfahre|erfährst|erfährt|erfahren|erfahrt|erfahren;verben;"tapasztal; megtud";1|3
;erfolgreich;;;;;adjektive;"sikeres; jövedelmező";0|3
;ergreifen;;ergriff;h. ergriffen;ergreife|ergreifst|ergreift|ergreifen|ergreift|ergreifen;verben;"megragad; fog";0
;erholen;;erholte;h. erholt;erhole|erholst|erholt|erholen|erholt|erholen;verben;"elhoz; kipiheni magát";0|1|6
;ernähren;;ernährte;h. ernährt;ernähre|ernährst|ernährt|ernähren|ernährt|ernähren;verben;"táplálkozik; táplál";4
;erreichen;;erreichte;h. erreicht; erreiche|erreichst|erreicht|erreichen|erreicht|erreichen;verben;"elér; elnyer";0|2
;erteilen;;erteilte;h. erteilt;erteile|erteilst|erteilt|erteilen|erteilt|erteilen;verben;"megad; adományoz";0
;erwarten;;erwartete;h. erwartet;erwarte|erwartest|erwartet|erwarten|erwartet|erwarten;verben;"elvár; megvár";0|1
;erziehen;;erzog;h. erzogen;erziehe|erziehst|erzieht|erziehen|erzieht|erziehen;verben;felnevel;0|1
;essen;;aß;h. gegessen;esse|isst|isst|essen|esst|essen;verben;enni;4
das;Essen;-;;;;nomen;étel;4
der;Essig;e;;;;nomen;ecet;4
der;Esstisch;e;;;;nomen;étkezőasztal;0|4
das;Etui;s;;;;nomen;"tok; doboz";0
die;Existenz;en;;;;nomen;létezés;0
die;Fabrik;en;;;;nomen;gyár;0|3
das;Fach;Fächer;;;;nomen;"tantárgy; szakma";2|3
die;Fähigkeit;en;;;;nomen;"képesség; adottság";0|2|3
;falsch;;;;;adjektive;"hamis; rossz; téves; helytelen; hibás";0|2
;faltig;;;;;adjektive;ráncos;1
;familiär;;;;;adjektive;"családias; családi";1
die;Familie;n;;;;nomen;család;1
das;Familienfest;e;;;;nomen;családi ünnep;1|9
der;Familienkreis;e;;;;nomen;családi kör;1|9
das;Familienmitglied;er;;;;nomen;családtag;1
der;Familienname;n;;;;nomen;családnév;1
das;Familienprogramm;e;;;;nomen;családi program;1|6|9
der;Familienstand;;;;;nomen;családi állapot;1
;färben;;färbte;h. gefärbt;färbe|färbst|färbt|färben|färbt|färben;verben;"fest; színez";0|2
die;Fassung;en;;;;nomen;"felfogás; nyugalom";0
das;Fastfood;;;;;nomen;gyorsétel;4|8
;faul;;;;;adjektive;lusta;1|2|3
;faulenzen;;faulenzte;h. gefaulenzt;faulenze|faulenzt|faulenzt|faulenzen|faulenzt|faulenzen;verben;lustálkodik;1|9
die;Federmappe;n;;;;nomen;tolltartó;2
die;Feier;n;;;;nomen;ünnep;3|9
;feiern;;feierte;h. gefeiert;feiere|feierst|feiert|feiern|feiert|feiern;verben;ünnepel;9
die;Feige;n;;;;nomen;füge;4|10
;fein;;;;;adjektive;"finom; kiváló";4|10
;fernsehen;;sah fern;h. ferngesehen;sehe fern|siehst fern|sieht fern|sehen fern|seht fern|sehen fern;verben;tévét néz;9
;fest;;;;;adjektive;"szilárd; kemény; tartós";0
das;Fest;e;;;;nomen;"ünnep; ünnepély";2|9
;fett;;;;;adjektive;"kövér; zsíros";1|8
;fettig;;;;;adjektive;zsíros;1|8
;feucht;;;;;adjektive;"nedves; vizes";0|5
der;Feuerwehrmann;Feuerwehrmänner;;;;nomen;tűzoltó;3
die;Figur;en;;;;nomen;alak;1
;finden;;fand;h. gefunden;finde|findest|findet|finden| findet|finden;verben;találni;0
die;Firma;Firmen;;;;nomen;"cég; vállalat";0|3
der;Fisch;e;;;;nomen;hal;4|10
das;Fleisch;;;;;nomen;hús;4|10
der;Fleischer;-;;;;nomen;hentes;3|4
die;Fleischsuppe;n;;;;nomen;húsleves;4
;flexibl;;;;;adjektive;rugalmas;0|3
die;Flitterwochen;;;;;nomen;mézeshetek;1|9
der;Florist;en;;;;nomen;virágárus;3
die;Floristin;nen;;;;nomen;virágárusnő;3
;folgsam;;;;;adjektive;"engedelmes; szófogadó";1|2
das;Foto;s;;;;nomen;fénykép;0|1|9
der;Fotograf;en;;;;nomen;fényképész;3|9
der;Förster;-;;;;nomen;erdész;3
die;Frau;en;;;;nomen;nő;0|1
;frech;;;;;adjektive;"szemtelen; pimasz";1
;freigebig;;;;;adjektive;"adakozó; bőkezű";1
die;Freistunde;n;;;;nomen;lyukasóra;2
die;Freizeit;en;;;;nomen;szabadidő;0|2|6|9
;fremd;;;;;adjektive;"idegen; ismeretlen; furcsa";1
die;Fremdsprache;n;;;;nomen;idegennyelv;2|3
;freudig;;;;;adjektive;"jókedvű; örömteli";1
der;Freund;e;;;;nomen;barát;0|1
der;Freundeskreis;e;;;;nomen;baráti kör;1|9
die;Freundin;nen;;;;nomen;barátnő;1|9
;freundlich;;;;;adjektive;barátságos;1|9
;friedliebend;;;;;adjektive;békeszerető;1
;frisch;;;;;adjektive;friss;0|4|8
der;Friseur;e;;;;nomen;fodrász;3
die;Friseuse;n;;;;nomen;fodrásznő;3
der;Frohsinn;e;;;;nomen;boldogság;0
;fröhlich;;;;;adjektive;"vidám; boldog";1
;früh;;;;;adjektive;korán;0|3|5
das;Frühstück;e;;;;nomen;reggeli;4|8
der;Fuß;Füße;;;;nomen;"láb; lábfej";1|8
das;Fußballspiel;e;;;;nomen;labdarúgás;0|9
;führen;;führte;h. geführt;führe|führst|führt|führen|führt|führen;verben;"vezet; visel; életvitel";0|5|6|8
der;Füller;s;;;;nomen;töltőtoll;2
;füllig;;;;;adjektive;telt;1
die;Gabel;n;;;;nomen;villa;4
der;Gang;Gänge;;;;nomen;folyósó;7
der;Garten;Gärten;;;;nomen;kert;0|7
der;Gärtner;-;;;;nomen;kertérsz;3|7
der;Gast;Gäste;;;;nomen;vendég;4
;gebildet;;;;;adjektive;"művelt; kiképzett";1|2|3
;gebräunt;;;;;adjektive;napbarnított;1|6|8
;gebrechlich;;;;;adjektive;törékeny;0
die;Geburt;en;;;;nomen;"szülés; születés";1|9
die;Geburtsangaben;;;;;nomen;születési adatok;1
das;Geburtsdatum;Geburtsdaten;;;;nomen;születési dátum;1
der;Geburtsort;e;;;;nomen;születési hely;1
der;Geburtstag;e;;;;nomen;születésnap;1|9
die;Geburtstagparty;s;;;;nomen;szülinapi buli;1|9
das;Geburtstagsgeschenk;e;;;;nomen;szülinapi ajándék;1|9
die;Geburtstagskarte;n;;;;nomen;szülinapi kártya;1|9
die;Geburtstagstorte;n;;;;nomen;születésnapi torta;1|8|9
das;Gedeck;e;;;;nomen;teríték;0
;geduldig;;;;;adjektive;türelmes;1
;gefärbt;;;;;adjektive;festett;0
;geformt;;;;;adjektive;"formás; formál; alakít";0|1
das;Gehalt;Gehälter;;;;nomen;fizetés;0|3
;gehen;;ging;i. gegangen;gehe|gehst|geht|gehen|geht|gehen;verben;megy;0
;gehören;;gehörte;h. gehört;gehöre|gehörst|gehört|gehören|gehört|gehören;verben;tartozni valamihez;0|1
;geistig;;;;;adjektive;szellemi;0
der;Geistliche;n;;;;nomen;lelkész;3
der;Geizhals;Gleizhälse;;;;nomen;"zsugori; fösvény (fn)";1
;geizig;;;;;adjektive;fukar;1
;gelassen;;;;;adjektive;"higgadt; szenvtelen";1
;gelblich;;;;;adjektive;sárgás;0
;geldgierig;;;;;adjektive;"pénzsóvár; kapzsi";1
das;Geldproblem;e;;;;nomen;pénz probléma;3
;gemeinsam;;;;;adjektive;"együtt; közösen";1|6|9|10
das;Gemisch;e;;;;nomen;"keverék; elegy";0
das;Gemüse;;;;;nomen;"zöldség; főzelék";4|10
die;Gemüseplatte;n;;;;nomen;zöldségtál;4
die;Geographie;;;;;nomen;földrajz;2
;gepflegt;;;;;adjektive;"gondozott; ápolt";1|8|11
;gerade;;;;;adjektive;egyenes;0|1
;gerecht;;;;;adjektive;"megfelelő; igazságos; becsületes";1
das;Gericht;e;;;;nomen;"bíróság; étel";4
;gescheit;;;;;adjektive;"okos; értelmes";1
die;Geschichte;;;;;nomen;történelem;2
;geschieden;;;;;adjektive;elvált;1
;geschmeidig;;;;;adjektive;"rugalmas; sima";1|8
;geschwätzig;;;;;adjektive;szószátyár;1
die;Geschwister;;;;;nomen;testvérek;1
das;Gesicht;er;;;;nomen;arc;1
;gesprächig;;;;;adjektive;"társasági; beszédes";1
;gesund;;;;;adjektive;egészséges;0|1|4|8|11
das;Getränk;e;;;;nomen;ital;4
;gewagt;;;;;adjektive;merész;1
;gewissenschaft;;;;;adjektive;lelkiismeretes;1
;glänzend;;;;;adjektive;"fényes; ragyogó";1
das;Glas;Gläser;;;;nomen;"üveg; pohár";0
der;Glaser;-;;;;nomen;üveges;3
;glatt;;;;;adjektive;sima;0
;gleitend;;;;;adjektive;kötetlen;0|3
;glücklich;;;;;adjektive;"boldog; szerencsés";1
;golden;;;;;adjektive;arany;0
der;Goldschmied;e;;;;nomen;"aranyműves; ötvös";3
die;Grapefruit;;;;;nomen;grépfruit;4|10
der;Graphiker;-;;;;nomen;grafikus;3|9
die;Graphikerin;nen;;;;nomen;grafikusnő;3|9
;gratulieren;;gratulierte;h. gratuliert;gratuliere|gratulierst|gratuliert|gratulieren|gratuliert|gratulieren;verben;gratulál;0|1|2|3|9
;grau;;;;;adjektive;"szürke; ősz";0|1|8
die;Grießknödelsuppe;n;;;;nomen;grízgaluska leves;4
;grillen;;grillte;h. gegrillt;grille|grillst|grillt|grillen|grillt|grillen;verben;grillez;4
;grob;;;;;adjektive;durva;1
;groß;;;;;adjektive;nagy;0
die;Großeltern;-;;;;nomen;nagyszülők;1
die;Großmutter;Großmütter;;;;nomen;nagymama;1
der;Großvater;Großväter;;;;nomen;nagypapa;1
;großzügig;;;;;adjektive;"nagylelkű; bőkezű";1|3
die;Grundschule;n;;;;nomen;általános iskola;2
;grün;;;;;adjektive;zöld;0
;gründen;;gründete;h. gegründet;gründe|gründest|gründet|gründen|gründet|gründen;verben;alapít;1|3
;grüngrau;;;;;adjektive;zöldesszürke;0
die;Gurke;n;;;;nomen;uborka;4|10
;gut;;;;;adjektive;"jó; jól";0
;gut gebaut;;;;;adjektive;jó felépítésű;1|7
der;Gymnasiast;en;;;;nomen;gimnazista;2
das;Gymnasium;;;;;nomen;gimnázium;2
das;Haar;e;;;;nomen;haj;0|1
;haben;;hatte;h. gehabt;habe|hast|hat|haben|habt|haben;verben;"van; birtokol";0
;hacken;;hackte;h. gehackt;hacke|hackst|hackt|hacken|hackt|hacken;verben;"vág; kapál";0
;hager;;;;;adjektive;sovány;1|8
die;Hakennase;n;;;;nomen;"horgas-; kampós orr";1
das;Halbjahr;e;;;;nomen;félév (iskolai);2
die;Hand;Hände;;;;nomen;kéz;1
;hängen;;hing;h. gehangen;hänge|hängst|hängt|hängen|hängt|hängen;verben;"lóg; akaszt";0
;harmonisch;;;;;adjektive;harmónikus;0|7
;hartnäckig;;;;;adjektive;"makacs; konok";1
die;Haselnuss;Haselnüsse;;;;nomen;mogyoró;4|10
;hässlich;;;;;adjektive;"csúnya; ronda";1|7
das;Hauptgericht;e;;;;nomen;"főétel; főfogás";4
das;Haus;Häuser;;;;nomen;ház;0|7
die;Hausaufgabe;n;;;;nomen;házifeladat;2
die;Haut;Häute;;;;nomen;bőr;1
das;Heft;e;;;;nomen;füzet;2
die;Heidelbeere;n;;;;nomen;áfonya;4|10
die;Heirat;en;;;;nomen;házasság;1|9
;heiraten;;heiratete;h. geheiratet;heirate|heiratest|heiratet|heiraten|heiratet|heiraten;verben;házasodni;1|9
;heißen;;hieß;h. geheißt;heiße|heißt|heißt|heißen|heißt|heißen;verben;hívni;0
;heiter;;;;;adjektive;"derűs; vidám";1|7
;hell;;;;;adjektive;világos;0|7
;herzförmig;;;;;adjektive;szívalakú;0
;hilfsbereit;;;;;adjektive;segítőkész;1|2
die;Himbeere;n;;;;nomen;málna;4
;hinterlistig;;;;;adjektive;alattomos;1
das;Hobby;s;;;;nomen;hobbi;9
die;Hochschule;n;;;;nomen;főiskola;2
die;Hochzeit;en;;;;nomen;"esküvő; lakodalom";1|9
das;Hochzeitsfoto;s;;;;nomen;esküvői fénykép;1|9
das;Hochzeitsgeschenk;e;;;;nomen;nászajándék;1|9
das;Hochzeitskleid;er;;;;nomen;menyasszonyi ruha / vőlegény ruha;1|9|10
die;Hochzeitsnacht;Hochzeitsnächte;;;;nomen;nászéjszaka;1|9
die;Hochzeitsreise;n;;;;nomen;nászút;1|6|9
der;Honig;e;;;;nomen;méz;4|10
das;Hörnchen;-;;;;nomen;kifli;4|10
;humorvoll;;;;;adjektive;"humoros; tréfás";1
der;Hunger;;;;;nomen;éhség;4|8
;hübsch;;;;;adjektive;csínos;1
;ideal;;;;;adjektive;ideális;0|6|8
;informieren;;informierte;h. informiert;informiere|informierst|informiert|informieren|informiert|informieren;verben;"tájékoztat; értesít";0|2|3
der;Ingwer;-;;;;nomen;gyömbér;4
;intelligent;;;;;adjektive;intelligens;1|2|3
das;Intresse;n;;;;nomen;érdeklődés;1|9
der;Jahreswechsel;-;;;;nomen;évváltás;0
die;Jause;n;;;;nomen;uzsonna;2|4|8
der;Job;s;;;;nomen;"munka; állás";3
die;Johannisbeere;n;;;;nomen;ribizli;4|10
der;Journalist;en;;;;nomen;újságíró;3
die;Journalistin;nen;;;;nomen;újságírónő;3
das;Jubiläum;Jubiläen;;;;nomen;"évforduló; jubileum";0|1|9
;jugendlich;;;;;adjektive;fiatalos;1
der;Junge;en;;;;nomen;fiú;1
der;Junggeselle;n;;;;nomen;agglegény;1
der;Kaffee;;;;;nomen;kávé;3|4|8
der;Kakao;;;;;nomen;kakaó;4
;kalorienarm;;;;;adjektive;kalóriaszegény;4|8
;kalorienreich;;;;;adjektive;kalóriadús;4|8
;kalt;;;;;adjektive;"hideg; hűvös";0
;kämmen;;kämmte;h. gekämmt;kämme|kämmst|kämmt|kämmen|kämmt|kämmen;verben;fésül;1
die;Karotte;n;;;;nomen;"sárgarépa; répa";1|10
die;Karriere;n;;;;nomen;karrier;2|3
die;Kartoffel;n;;;;nomen;"burgonya; krumpli";4|10
die;Kartoffelkrokette;n;;;;nomen;krumpli krokett;4
das;Kartoffelpüree;s;;;;nomen;krumplipüré;4
die;Karwoche;n;;;;nomen;Nagyhét;9
der;Käse;-;;;;nomen;sajt;4|10
;kauen;;kaute;h. gekaut;kaue|kaust|kaut|kauen|kaut|kauen;verben;rág;4
der;Kellner;-;;;;nomen;pincér;3|4
die;Kellnerin;nen;;;;nomen;pincérnő;3|4
;kennenlernen;;lernte kennen;h. kennengelernt;lerne kennen|lernst kennen|lernt kennen|lernen kennen|lernt kennen|lernen kennen;verben;megismerni;0|1
die;Kenntnis;se;;;;nomen;ismeret;0|2
die;Kerze;n;;;;nomen;gyertya;0|9
der;Ketchup;;;;;nomen;ketchup;4|10
das;Kind;er;;;;nomen;gyerek;1
die;Kindererziehung;en;;;;nomen;gyermeknevelés;1
der;Kindergarten;Kindergärten;;;;nomen;óvoda;1|2
das;Kinderheim;e;;;;nomen;gyerekotthon;1
;kinderlos;;;;;adjektive;gyermektelen;1
;kinderreich;;;;;adjektive;sokgyerekes;1
;kinnlang;;;;;adjektive;állig érő;1
das;Kino;s;;;;nomen;mozi;
;kirchlich;;;;;adjektive;egyházi;0
die;Kirsche;n;;;;nomen;cseresznye;4|10
;klasse;;;;;adjektive;nagyszerű;0
die;Klasse;n;;;;nomen;osztály;2
der;Klassenlehrer;n;;;;nomen;osztályfőnök (férfi);2
die;Klassenlehrerin;nen;;;;nomen;osztályfőnök (nő);2
das;Klassenzimmer;-;;;;nomen;osztályterem;2
die;Klausur;en;;;;nomen;zárthelyi dolgozat;2
die;Kleiderablage;n;;;;nomen;ruhatár;10
;klein;;;;;adjektive;kicsi;0
das;Kleinkind;er;;;;nomen;kisgyerek;1
;kleinlich;;;;;adjektive;kicsinyes;1
;klug;;;;;adjektive;okos;1|2|3
;knabbern;;knabberte;h. geknabbert;knabbere|knabberst|knabbert|knabbern|knabbert|knabbern;verben;"rág; rágcsál";4
die;Knollennase;n;;;;nomen;krumpliorr;1
der;Knödel;-;;;;nomen;gombóc;4
;knusprig;;;;;adjektive;ropogós;4
;knüpfen;;knüpfte;h. geknüpft;knüpfe|knüpfst|knüpft|knüpfen|knüpft|knüpfen;verben;"köt; csomóz";0|9
der;Koch;Köche;;;;nomen;szakács;4
;kochen;;kochte;h. gekocht;koche|kochst|kocht|kochen|kocht|kochen;verben;főzni;4
der;Kohl;e;;;;nomen;"káposzta; kelkáposzta";4
der;Kollege;n;;;;nomen;kolléga;3
die;Kollegin;nen;;;;nomen;kolléganő;3
das;Kompott;e;;;;nomen;"kompót; befőtt";4
das;Konzert;e;;;;nomen;koncert;0
der;Kopfsalat;e;;;;nomen;fejes saláta;4|10
der;Koriander;-;;;;nomen;koriandermag  ;4
;korpulent;;;;;adjektive;testes;1
der;Kosename;n;;;;nomen;becenév;1|2
die;Kosmetikerin;nen;;;;nomen;kozmetikus;3
;kosten;;kostete;h. gekostet; koste|kostest|kostet|kosten|kostet|kosten;verben;"kerül vmibe; kóstol";4|6
die;Köchin;nen;;;;nomen;szakácsnő;4
der;Körper;-;;;;nomen;test;1
der;Körperbau;-;;;;nomen;testfelépítés;1|8
die;Körpergröße;n;;;;nomen;testmagasság;1|8
;köstlich;;;;;adjektive;pompás;0
;kraus;;;;;adjektive;"göndör; kusza";1
die;Kreide;n;;;;nomen;kréta;2
;krumm;;;;;adjektive;görbe;0
der;Kuchen;-;;;;nomen;"sütemény; kalács";4
der;Kuli;s;;;;nomen;toll;2
der;Kurs;e;;;;nomen;"tanfolyam; kurzus";2|3
;kurz;;;;;adjektive;rövid;0
;kühn;;;;;adjektive;"merész; vakmerő";1
der;Kümmel;-;;;;nomen;kömény;4
;kümmern;;kümmerte ;h. gekümmert;kümmere|kümmerst|kümmert|kümmern|kümmert|kümmern;verben;"törődikl; gondoskodik";1|8
der;Künstler;-;;;;nomen;művész;3
;künstlerisch;;;;;adjektive;művészi;0
;lächelnd;;;;;adjektive;mosolygós;1
das;Land;Lände;;;;nomen;ország;0
die;Landkarte;n;;;;nomen;térkép;0|2
der;Landwirt;e;;;;nomen;gazda;3
;lang;;;;;adjektive;hosszú;0
;länglich;;;;;adjektive;hosszúkás;0
;lassen;;ließ;h. gelassen;lasse|lässt|lässt|lassen|lasst|lassen;verben;"enged; hagy";0
;lässig;;;;;adjektive;hanyag;1
;leben;;lebte;h. gelebt;lebe|lebst|lebt|leben|lebt|leben;verben;él;0
der;Lebensgefährte;en;;;;nomen;életveszély;0|8
der;Lebenslauf;Lebensläufe;;;;nomen;önéletrajz;3
das;Lebensmittel;-;;;;nomen;élelmiszer;4|10
der;Lebenspartner;-;;;;nomen;élettárs (férfi);1
die;Lebenspartnerin;-;;;;nomen;élettárs (nő);1
;lebhaft;;;;;adjektive;"élénk; életrevaló";1|8
;lecker;;;;;adjektive;"finnyás; ízletes";1|4
;ledig;;;;;adjektive;hajadon;1
;legen;;legte;h. gelegt;lege|legst|legt|legen|legt|legen;verben;"fekszik; elhelyez";0
der;Lehrer;-;;;;nomen;tanár (férfi);2|3
die;Lehrerin;nen;;;;nomen;tanár (nő);2|3
der;Lehrertisch;e;;;;nomen;tanári asztal;2
der;Lehrkörper;-;;;;nomen;tantestület;2|3
das;Leibgericht;e;;;;nomen;kedvenc étel;4
;leicht gekränkt;;;;;adjektive;"könnyen sértődő; sértődékeny";1
;leichtsinnig;;;;;adjektive;könnyelmű;1
;lernen;;lernte;h. gelernt;lerne|lernst|lernt|lernen|lernt|lernen;verben;tanul;2
;lesen;;las;h. gelesen;lese|liest|liest|lesen|lest|lesen;verben;olvas;0|2
;leuchtend;;;;;adjektive;ragyogó;0
die;Lieblingsstunde;n;;;;nomen;kedvenc óra;0|2
;liegend;;;;;adjektive;"fekve; fekvő";0|7
der;Likör;e;;;;nomen;likőr;4
die;Limonade;n;;;;nomen;limonádé;4
das;Lineal;e;;;;nomen;vonalzó;2
die;Linse;n;;;;nomen;lencse;4|10
;locker;;;;;adjektive;laza;1
;lockig;;;;;adjektive;göndör;1
der;Lohn;Löhne;;;;nomen;"fizetés; munkabér";3
das;Lorbeerblatt;Lorbeerblätte;;;;nomen;babérlevél;4
;loyal;;;;;adjektive;"hű; lojális";1
der;Löffel;-;;;;nomen;kanál;4
;lustig;;;;;adjektive;vidám;1|6
;machen;;machte;h. gemacht;mache|machst|macht|machen|macht|machen;verben;"csinál; elkészít";0|9
das;Mädchen;-;;;;nomen;lány;0|1
der;Mädchenname;n;;;;nomen;lánykori név;1|9
;mager;;;;;adjektive;sovány;1
;mahlen;;mahlte;h. gemahlen;mahle|mahlst|mahlt|mahlen|mahlt|mahlen;verben;őröl;4
der;Maler;-;;;;nomen;festő;3
die;Mandarine;n;;;;nomen;mandarin;4
der;Mangelberuf;e;;;;nomen;hiányszakma;3
;mangelnd;;;;;adjektive;hiányos;0
der;Mann;Männer;;;;nomen;"férfi; ember";0|1
die;Margarine;n;;;;nomen;margarin;4|10
der;Markierer;-;;;;nomen;kihúzó;2
;materiell;;;;;adjektive;anyagi;0
die;Mathematik;;;;;nomen;matek;2
der;Mathematiker;-;;;;nomen;matematikus;3
;matt;;;;;adjektive;matt;0
der;Maurer;-;;;;nomen;kőműves;3|7
die;Medizin;en;;;;nomen;gyógyszer;0|8
die;Melone;n;;;;nomen;dinnye;4
das;Messer;-;;;;nomen;kés;4
die;Milch;;;;;nomen;tej;4|10
;mildern;;milderte;h. gemildert;mildere|milderst|mildert|mildern|mildert sie/Sie mildern;verben;"enyhít; csillapít";4|8
;mineralhaltig;;;;;adjektive;ásványokban gazdag;4|8|11
das;Mineralwasser;;;;;nomen;ásványvíz;4
der;Mitarbeiter;-;;;;nomen;"munkatárs; dolgozó";3
die;Mitarbeiterin;nen;;;;nomen;munkatársnő;3
der;Mitschüler;-;;;;nomen;osztálytárs;2
die;Mitschülerin;nen;;;;nomen;osztálytársnő;2
der;Mittag;e;;;;nomen;dél (napszak);0
das;Mittag;e;;;;nomen;ebéd;4
;mittelgroß;;;;;adjektive;közepes méretű;0
;mittelmäßig;;;;;adjektive;"átlagos; középszerű";1|3
der;Mohn;e;;;;nomen;mák;4
die;Mohrrübe;n;;;;nomen;"sárgarépa; répa";4|10
;mollig;;;;;adjektive;"dundi; molett";1|10
;monoton;;;;;adjektive;egyhangú;0
der;Mund;Münder;;;;nomen;száj;1
das;Museum;Museen;;;;nomen;múzeum;0|6|9
die;Musik;;;;;nomen;"ének; zene";0|9
;muskulös;;;;;adjektive;izmos;1|9
;mutig;;;;;adjektive;"bátor; merész";1
das;Muttermal;e;;;;nomen;anyajegy;1|8
die;Muttersprache;;;;;nomen;anyanyelv;1
;mündlich;;;;;adjektive;szóbeli;2
;mütterlicherseits;;;;;adjektive;anyai részről;1
der;Nachbar;n;;;;nomen;szomszéd (férfi);1
die;Nachbarin;nen;;;;nomen;szomszéd (nő);1
;nachlässig;;;;;adjektive;hanyag;1|2|3
der;Nachname;n;;;;nomen;vezetéknév;1
der;Nachspeise;n;;;;nomen;"utóétel; desszert";4
der;Nachteil;e;;;;nomen;"hátrány; veszteség";0
;nah;;;;;adjektive;közeli;0|3|6
der;Name;n;;;;nomen;név;1
der;Namenstag;e;;;;nomen;névnap;1|9
der;Namensvetter;;;;;nomen;névrokon;1
;naschen;;naschte;h. genascht;nasche|nascht|nascht|naschen|nascht|naschen;verben;nassolni;4|8
die;Nase;n;;;;nomen;orr;1|8
die;Nationalität;;;;;nomen;"nemzetiség; állmpoltárság";0|6
;naturkraus;;;;;adjektive;természetes göndör;1
der;Naturschutz;-;;;;nomen;természetvédelem;5|11
der;Neffe;n;;;;nomen;unokaöccs;1
;nehmen;;nahm;h. genommen;nehme|nimmst|nimmt|nehmen|nehmt|nehmen;verben;"fog; visz";0
;nervös;;;;;adjektive;ideges;1|3|5|6|8
;nett;;;;;adjektive;"kedves; csinos";1|10
;neugirig;;;;;adjektive;kíváncsi;1
das;Neujahr;e;;;;nomen;újév;0|9
die;Nichte;n;;;;nomen;unokahúg;1
;niedrig;;;;;adjektive;alacsony;1
der;Nikolaus;;;;;nomen;mikulás;9
der;Nikolaustag;e;;;;nomen;mikulásnap;9
;normal;;;;;adjektive;normál;0
die;Note;n;;;;nomen;"osztályzat; jegy";2
;notieren;;notierte;h. notiert;notiere|notierst|notiert|notieren|notiert|notieren;verben;"feljegyez; megyjegyez";2
die;Nudel;n;;;;nomen;"tészta; nudli";4
die;Nummer;n;;;;nomen;szám;0
die;Nuss;Nüsse;;;;nomen;dió;4|10
;nüchtern;;;;;adjektive;józan;1|3
das;Obst;Obstarten;;;;nomen;gyümölcs;4|10
die;Obstplatte;n;;;;nomen;gyümölcstál;4
der;Obstsaft;Obstsäfe;;;;nomen;gyümölcslé;4
die;Obsttorte;n;;;;nomen;gyümölcstorta;4
;offen;;;;;adjektive;nyitott;0|1|7
das;Ohr;en;;;;nomen;fül;1|8
die;Oma;s;;;;nomen;nagymama (röviden);1
der;Onkel;-;;;;nomen;nagybácsi;1
der;Opa;s;;;;nomen;nagypapa (röviden);1
der;Optiker;-;;;;nomen;optikus;3|8
;optimistisch;;;;;adjektive;"optimista; bizakodó";0|1
die;Orange;n;;;;nomen;narancs;4
;ordentlich;;;;;adjektive;rendes;1
;ordnungsliebend;;;;;adjektive;"rendes; rendszerető";1
der;Oregano;;;;;nomen;oregánó;4
der;Ort;e;;;;nomen;hely;0|5|6
das;Osterei;er;;;;nomen;húsvéti tojás;9
der;Osterhase;n;;;;nomen;húsvéti nyúl;9
das;Ostern;;;;;nomen;húsvét;9
;oval;;;;;adjektive;ovális;0
der;Ökonom;en;;;;nomen;közgazdász;3
das;Öl;e;;;;nomen;olaj;4|10
der;Paprika;-;;;;nomen;paprika;4|10
der;Partner;Partner;;;;nomen;partner;1
die;Partnerin;nen;;;;nomen;partnernő;1
die;Party;s;;;;nomen;"buli; parti";6|9
der;Pate;n;;;;nomen;keresztapa;1|9
das;Patekind;er;;;;nomen;keresztgyermek;1|9
die;Patin;nen;;;;nomen;keresztanya;1|9
das;Pausenbrot;e;;;;nomen;tízórai;4|8
;pedantisch;;;;;adjektive;pedáns;1|2
;pessimistisch;;;;;adjektive;"pesszimista; borúlátó";1
das;Pfingsten;;;;;nomen;pünkösd;9
der;Pfirsich;e;;;;nomen;őszibarack;4
die;Pflaume;n;;;;nomen;szilva;1
die;Pflegeeltern;-;;;;nomen;nevelőszülők;1
die;Pflegemutter;Pflegemütter;;;;nomen;nevelőanya;1
der;Pflegevater;Pflegeväter;;;;nomen;nevelőapa;1
die;Philosophie;n;;;;nomen;filozófia;0
die;Physik;;;;;nomen;fizika;2
der;Physiker;-;;;;nomen;fizikus;3
der;Pickel;-;;;;nomen;pattanás;8
das;Picknick;s;;;;nomen;piknik;4
der;Pilot;en;;;;nomen;pilota;3
die;Platte;n;;;;nomen;"tál; lemez";4
der;Plattfuß;Plattfüße;;;;nomen;lúdtalp;0|8
der;Platz;Plätze;;;;nomen;"tér; hely";0|5
der;Polizist;en;;;;nomen;rendőr;3|5
der;Polterabend;e;;;;nomen;leánybúcsú;1|9
der;Pommes frites;;;;;nomen;"hasábburgonya; sütkrumpli";4
der;Porree;s;;;;nomen;póréhagyma;4
der;Postbeamte;n;;;;nomen;postatisztviselő;3
die;Postleitzahl;en;;;;nomen;irányítószám (postai);1|5
die;Prämie;n;;;;nomen;prémium;3
der;Priester;-;;;;nomen;pap;3
;prima;;;;;adjektive;príma;0
der;Programmierer;-;;;;nomen;programozó;3
die;Prüfung;en;;;;nomen;vizsga;2
die;Psychologie;n;;;;nomen;pszihológia;0|2|3
der;Pudding;s;;;;nomen;puding;4
der;Radiergummi;s;;;;nomen;radír;2
die;Radtour;en;;;;nomen;kerékpártúra;0|5|6
;rau;;;;;adjektive;"durva; érdes";0|11
;realistisch;;;;;adjektive;"realista; gyakorlatias";1|3
;redselig;;;;;adjektive;"beszédes; bőbeszédű";1
;regelmäßig;;;;;adjektive;"rendszeres; szabályos";0
der;Reis;;;;;nomen;rizs;4
;reisen;;reiste;i. gereist;reise|reist|reist|reisen|reist|reisen;verben;utazik;0|5|6
die;Rente;n;;;;nomen;nyugdíj;0|3
der;Reporter;-;;;;nomen;riporter;3
die;Reporterin;nen;;;;nomen;riporternő;3
der;Rettich;e;;;;nomen;retek;4|10
die;Rezeption;en;;;;nomen;recepció;0|3
;richtig;;;;;adjektive;"helyes; rendes";1|5
;risikofreudig;;;;;adjektive;kockázatos;0|3
;romantisch;;;;;adjektive;romantikus;0|9
;rosa;;;;;adjektive;rózsaszín;0
;rot;;;;;adjektive;"piros; vörös";0
die;Röstkartoffeln;;;;;nomen;sültkrumpli;4
die;Rufnummer;;;;;nomen;"hívószám; telefonszám";1
;ruhig;;;;;adjektive;nyugodt;1|11
;rund;;;;;adjektive;kerek;0
;rundlich;;;;;adjektive;"kerekded; gömbölyded";0
;rühren;;rührte;h. gerührt;rühre|rührst|rührt|rühren|rührt|rühren;verben;"kever; mozgat";0
;sachlich;;;;;adjektive;"tárgyilagos; objektív";1
der;Salat;e;;;;nomen;saláta;4|10
;salzig;;;;;adjektive;sós;4|8
;sammeln;;sammelte;h. gesammelt;sammele|sammelst|sammelt|sammeln|sammelt|sammeln;verben;gyűjteni;0|5|9
;sanft;;;;;adjektive;"lágy; halvány";0
der;Sänger;-;;;;nomen;énekes;3
die;Sängerin;nen;;;;nomen;énekesnő;3
;sauer;;;;;adjektive;savanyú;4
der;Sauerampfer;-;;;;nomen;sóska;4|10
die;Sauerkirsche;n;;;;nomen;meggy;4|10
der;Säugling;e;;;;nomen;csecsemő;1
die;Schale;n;;;;nomen;tálka;4
;schälen;;;;;verben;meghámoz;4
;scharf;;;;;adjektive;"erős; csípős";4
;scharfsinnig;;;;;adjektive;éles eszű;1|2|3
der;Schauspieler;-;;;;nomen;színész;3
die;Schauspielerin;nen;;;;nomen;színésznő;3
die;Scheidung;en;;;;nomen;válás;1
;scheu;;;;;adjektive;"félénk; bátortalan";1
;schicken;;schickte;h. geschickt;schicke|schickst|schickt|schicken|schickt|schicken;verben;küldeni;0
;schief;;;;;adjektive;"ferde; téves";0|5
der;Schinken;-;;;;nomen;sonka;4|7
;schlafen;;schlief;h. geschlafen;schlafe|schläfst|schläft|schlafen|schlaft|schlafen;verben;alszik;0
;schlagen;;schlug;h. geschlagen;schlage|schlägst|schlägt|schlagen|schlagt|schlagen;verben;"üt; rúg";0
;schlampig;;;;;adjektive;"slampos; rendetlen";1|10
;schlank;;;;;adjektive;"karcsú; sovány";1|10
;schlecht;;;;;adjektive;"rossz; rosszul";0
;schließen;;schloss;h. geschlossen;schließe|schließt|schließt|schließen|schließt|schließen;verben;"köt; bezár";0
;schmackhaft;;;;;adjektive;ízletes;4
;schmal;;;;;adjektive;"szűk; keskeny";0|5|7
;schmecken;;schmeckte;h. geschmeckt;schmecke|schmeckst|schmeckt|schmecken|schmeckt|schmecken;verben;kóstol;4
;schminken;;schminkte;h. geschminkt;schminke|schminkst|schminkt|schminken|schminkt|schminken;verben;sminkelni;1
;schmücken;;schmückte;h. geschmückt;schmücke|schmückst|schmückt|schmücken|schmückt|schmücken;verben;"díszít; ékesít";0|7|9
der;Schnaps;Schnäpse;;;;nomen;pálinka;4
;schneiden;;schnitt;h. geschnitten;schneide|schneidest|schneidet|schneiden|schneidet|schneiden;verben;"vág; szel";4
;schnell;;;;;adjektive;gyors;0|5|6
;schön;;;;;adjektive;szép;0|1|7|10
;schöpferisch;;;;;adjektive;"alkotó; teremtő";0|9|11
;schreiben;;schrieb;h. geschrieben;schreibe|schreibst|schreibt|schreiben|schreibt|schreiben;verben;írni;0|2
;schriftlich;;;;;adjektive;írásbeli;2
der;Schuhmacher;-;;;;nomen;cipész;3
der;Schulabschluss;Schulabschlüsse;;;;nomen;iskolai végzettség;2
die;Schulbank;Schulbänke;;;;nomen;iskolapad;2
die;Schulbildung;en;;;;nomen;iskolai képzettség;2
der;Schuldirektor;en;;;;nomen;igazgató;2|3
die;Schuldirektorin;nen;;;;nomen;igazgatónő;2|3
die;Schule;n;;;;nomen;iskola;2
das;Schuljahr;e;;;;nomen;tanév;2
der;Schulkamerad;en;;;;nomen;iskolatárs;2
der;Schulleiter;-;;;;nomen;iskola vezető (férfi);2|3
die;Schulleiterin;nen;;;;nomen;iskola vezető (nő);2|3
die;Schulleitung;en;;;;nomen;iskola vezetés;2
die;Schulpflicht;en;;;;nomen;tankötelezettség;2
;schüchtern;;;;;adjektive;"félénk; bátortalan";1
der;Schüler;-;;;;nomen;tanuló;2
die;Schülerin;nen;;;;nomen;tanulólány;2
die;Schüssel;n;;;;nomen;tál;4
;schwach;;;;;adjektive;"gyenge; erőtlen";1|8
;schwachsinnig;;;;;adjektive;"gyengeelméjű; elmebajos; féleszű";1|8
der;Schwamm;Schwämme;;;;nomen;szivacs;2
;schwarz;;;;;adjektive;fekete;0
;schweigsam;;;;;adjektive;"szótlan; hallgatag";1
der;Schweinebraten;-;;;;nomen;sertéssült;4
die;Schwelle;n;;;;nomen;küszöb;7
die;Schwester;n;;;;nomen;lánytesetvér;1
die;Schwiegermutter;Schwiegermütter;;;;nomen;anyós;1
der;Schwiegersohn;Schwiegersöhne;;;;nomen;vő;1
die;Schwiegertochter;Schwiegertöchter;;;;nomen;meny;1
der;Schwiegervater;Schwiegerväter;;;;nomen;após;1
;schwierig;;;;;adjektive;"fáradságos; bonyolult";0|3
;schwungvoll;;;;;adjektive;lendületes;1|3
;sehen;;sah;h. gesehen;sehe|siehst|sieht|sehen|seht|sehen;verben;"néz; lát";0
;sein;;war;i. gewesen;bin|bist|ist|sind|seid|sind;verben;"van; létezik";0
die;Sekretariat;e;;;;nomen;titkárság;3
der;Sekt;e;;;;nomen;pezsgő;4|9
;selbstsicher;;;;;adjektive;magabiztos;1
der;Sellerie;-;;;;nomen;zeller;4|10
der;Senf;e;;;;nomen;mustár;4|10
die;Serviette;n;;;;nomen;szalvéta;4
;setzen;;setzte;h. gesetzt;setze|setzt|setzt|setzen|setzt|setzen;verben;ül;0
;shulterlang;;;;;adjektive;vállig érő;1
die;Sicherheit;en;;;;nomen;biztonság;0|5|6
;silbern;;;;;adjektive;ezüst;0
das;Silvester;;;;;nomen;szilveszter;9
der;Single;s;;;;nomen;"egyedül élő; szingli";1|9
;sinnlich;;;;;adjektive;érzéki;1
;skeptisch;;;;;adjektive;"szkeptikus; kételkedő";1
der;Sohn;Söhne;;;;nomen;fia;1
die;Sommersprosse;n;;;;nomen;szeplő;0
;sonnig;;;;;adjektive;"derűs; napos";0|11
;sonstig;;;;;adjektive;"egyébként; különben";0
die;Sorge;en;;;;nomen;"gondoskodás; aggódás";1|11
;sorgen;;sorgte;h. gesorgt;sorge|sorgst|sorgt|sorgen|sorgt|sorgen;verben;gondoskodik;1|8
die;Sozialkunde;;;;;nomen;társadalomismeret;2
der;Spargel;-;;;;nomen;spárga;4
;spärlich;;;;;adjektive;"gyér; ritka";0
;sparsam;;;;;adjektive;takarékos;1|3
;spät;;;;;adjektive;késő;0|5
die;Speise;n;;;;nomen;"étel; élelem";4
der;Speiseshalle;Speiseshalle;;;;nomen;ebédlő;4
die;Speisewürze;n;;;;nomen;ételízesítő;4
;spielen;;spielte;h. gespielt;spiele|spielst|spielt|spielen|spielt|spielen;verben;játszik;0|9
der;Spinat;;;;;nomen;spenót;4
;spitz;;;;;adjektive;"hegyes; csúcsos";0|11
der;Spitzname;n;;;;nomen;gúnynév;1|2
der;Sport;s;;;;nomen;sport;9
der;Sport;Sportarten;;;;nomen;"tesi; sport";2|9
die;Sporthalle;n;;;;nomen;sportcsarnok;9
;sportlich;;;;;adjektive;sportos;1|9
;sprachen;;sprach;h. gesprochen;spreche|sprichst|spricht|sprechen|sprecht|sprechen;verben;beszél;0
das;Sprachlabor;s;;;;nomen;nyelvi terem;2
die;Sprachprüfung;;;;;nomen;nyelvvizsga;2
die;Staatsangehörigkeit;;;;;nomen;álllampolgárság;1|6
die;Staatsbürgerschaft;;;;;nomen;álllampolgárság;1|6
die;Stachelbeere;n;;;;nomen;egres;4
die;Stadt;Städte;;;;nomen;város;0
;stammen;;stammte;h. gestammt;stamme|stammst|stammt|stammen|stammt|stammen;verben;származni;1
;standesamtlich;;;;;adjektive;polgári;1
;stark;;;;;adjektive;erős;0|1|8
;stattlich;;;;;adjektive;"daliás; délceg";1
die;Steckrübe;n;;;;nomen;fehérrépa;4|10
die;Stelle;n;;;;nomen;"állás; hely";3
die;Stewardess;en;;;;nomen;légiutaskísérő;3|6
die;Stiefeltern;-;;;;nomen;mostohaszülők;1
die;Stiefmutter;Stiefmütter;;;;nomen;mostohaanya;1
der;Stiefvater;Stiefväter;;;;nomen;mostohaapa;1
;still;;;;;adjektive;"csendes; nyugodt";0|1
;stockdumm;;;;;adjektive;tökkelütött;1
;straff;;;;;adjektive;feszes;0
;strahlend;;;;;adjektive;"fénylő; ragyogó";0
der;Straps;e;;;;nomen;harisnyatartó;10
die;Straße;n;;;;nomen;utca;0|5
;streitsüchtig;;;;;adjektive;"veszekedős; kötekedő";1
;streng;;;;;adjektive;következetes;1
;studieren;;studierte;h. studiert;studiere|studierst|studiert|studieren|studiert|studieren;verben;tanul (felsőbb képzésben);2
das;Studium;Studien;;;;nomen;tanulmány (felsőfokú);2
die;Stumpfnase;n;;;;nomen;pisze orr;1
;stumpfsinnig;;;;;adjektive;"buta; korlátolt; tompa";1
die;Stunde;n;;;;nomen;órarend;2
der;Stundenplan;Stundenpläne;;;;nomen;órarend;2
;suchen;;suchte;h. gesucht;suche|suchst|sucht|suchen|sucht|suchen;verben;keresni;0
die;Suppe;n;;;;nomen;leves;4
;surfen;;surfte ;h. gesurft ;surfe|surfst|surft|surfen|surft|surfen;verben;szörfözni;9
;süß;;;;;adjektive;édes;4
die;Süßigkeit;en;;;;nomen;édesség;4|8
die;Tafel;n;;;;nomen;tábla;2
der;Tag;e;;;;nomen;nap;0
der;Tagesablauf;-;;;;nomen;napirend;2|3
die;Tante;n;;;;nomen;nagynéni;1
;tapfer;;;;;adjektive;"derék; bátor";1
der;Taschenrechner;-;;;;nomen;számológép;2
die;Tasse;n;;;;nomen;csésze;4
die;Tätigkeit;en;;;;nomen;tevékenység;0
die;Taufe;n;;;;nomen;keresztelés;1|9
der;Tee;s;;;;nomen;tea;4
die;Telefonnummber;n;;;;nomen;telefonszám;1
der;Teller;-;;;;nomen;tányér;4
das;Temperament;e;;;;nomen;temperamentum;1
;temperamentvoll;;;;;adjektive;temperamentumos;1
das;Theater;-;;;;nomen;színház;6|9
;tief;;;;;adjektive;"mély; alacsony";1
das;Tier;e;;;;nomen;állat;0|9
die;Tischdecke;n;;;;nomen;asztalterítő;4
der;Tischler;-;;;;nomen;asztalos;3
das;Tischtuch;Tischtücher;;;;nomen;papír zsebkendő;0
die;Tochter;Töchter;;;;nomen;lánya;1
;toll;;;;;adjektive;"príma; klassz; szuper";1|6
;tollkühn;;;;;adjektive;vakmerő;1
die;Tomate;n;;;;nomen;paradicsom;4|10
die;Torte;n;;;;nomen;torta;4
;traditionell;;;;;adjektive;hagyományos;0
die;Traube;n;;;;nomen;szőlő;4|10
;trauen;;traute;h. getraut;traue|traust|traut|trauen|traut|trauen;verben;megbízni;0|1
;träumerisch;;;;;adjektive;álmodozó;1|9
;traurig;;;;;adjektive;"szomorú; bús";0
die;Trauung;en;;;;nomen;"házasságkötés; esküvő";1|9
der;Trauzeuge;n;;;;nomen;tanú hn. (esküvői);1 |9
die;Trauzeugin;nen;;;;nomen;tanú nn. (esküvői);1|9
;treiben;;trieb;h. getrieben;treibe|treibst|treibt|treiben|treibt|treiben;verben;"űz; hajt; csinál";0|9
;treu;;;;;adjektive;hű;1
;trinken;;trank;h. getrunken;trinke|trinkst|trinkt|trinken|trinkt|trinken;verben;inni;0|4
;trocken;;;;;adjektive;száraz;0
;trübsinnig;;;;;adjektive;búskomor;1
die;Turnhalle;n;;;;nomen;tornaterem;2
die;Uhr;en;;;;nomen;óra;0
der;Uhrmacher;-;;;;nomen;órás;3
;umfangreich;;;;;adjektive;terjedelmes;0
die;Umschulung;en;;;;nomen;átképzés;2|3
der;Umweltschutz;-;;;;nomen;környezetvédelem;2|11
;unehrlich;;;;;adjektive;"becstelen; tisztességtelen";1
;unfreundlich;;;;;adjektive;barátságtalan;1
;ungeduldig;;;;;adjektive;türelmetlen;1
;ungepflegt;;;;;adjektive;ápolatlan;1|8
;ungerecht;;;;;adjektive;"igazságtalan; jogtalan";1
;unintelligent;;;;;adjektive;unintelligens;1
die;Universität;en;;;;nomen;egyetem;2
;unordentlich;;;;;adjektive;rendetlen;1
;unruhig;;;;;adjektive;nyugtalan;1
das;Unternehmen;-;;;;nomen;vállalkozás;3
;unternehmen;;unternahm;h. unternommen;unternehme|unternimmst|unternimmt|unternehmen|unternehmt|unternehmen;verben;"vállal; megtesz";0|3
;unternehmungsfreudig;;;;;adjektive;vállalkozó szellemű;3
;unterrichten;;unterrichtete;h. unterrichtet;unterrichte|unterrichtest|unterrichtet|unterrichten|unterrichtet|unterrichten;verben;tanít;2|3
;untersetzt;;;;;adjektive;"zömök; köpcös";1
;unvorteilhaft;;;;;adjektive;előnytelen;1
;unzuverlässig;;;;;adjektive;"megbízhatatlan; kétes";1
;überklug;;;;;adjektive;tudálékos;1
die;Valediktion;;;;;nomen;ballagás;2|9
die;Vanille;n;;;;nomen;vanília;4
;väterlicherseits;;;;;adjektive;apai részről;1
;veranstalten;;veranstaltete;h. veranstaltet;veranstalte|veranstaltest|veranstaltet wir veranstalten|veranstaltet|veranstalten;verben;"szervez; megrendez";0|9
;verbrannt;;;;;adjektive;égett;4
;verdienen;;verdiente;h. verdient;verdiene|verdienst|verdient|verdienen|verdient|verdienen;verben;keres (pénzt);3
der;Verdienst;;;;;nomen;kereset;3
der;Verkäufer;-;;;;nomen;eladó;3
die;Verkäuferin;nen;;;;nomen;eladónő;3
;verlieben;;verliebte;h. verliebt;verliebe|verliebst|verliebt|verlieben|verliebt|verlieben;verben;"szerelmes lesz; beleszeret vkibe";1|9
;verlieren;;verlor;h. verloren;verliere|verlierst|verliert|verlieren|verliert|verlieren;verben;"elveszt; elhagy";0
die;Verlobung;en;;;;nomen;eljegyzés;1|9
;verlogen;;;;;adjektive;"csaló; hazudozó; hazug";1
;vermählen;;vermählte;h. vermählt;vermähle|vermählst|vermählt|vermählen|vermählt|vermählen;verben;"egyesít; férjhez ad";1
;vernachlässigt;;;;;adjektive;elhanyagolt;1
;vernünftig;;;;;adjektive;"eszes; értelmes";1|2
;verschwenderisch;;;;;adjektive;"pazarló; költekező";1|3
;versorgen;;versorgte;h. versorgt;versorge|versorgst|versorgt|versorgen|versorgt|versorgen;verben;"ellát; gondoskodik";1|8
;verständnisvoll;;;;;adjektive;"megértő; együttérző";1
;verstecken;;versteckte;h. versteckt;verstecke|versteckst|versteckt|verstecken|versteckt|verstecken;verben;elrejt;0
der;Verwandte;n;;;;nomen;rokon;1
;verwitwet;;;;;adjektive;özvegy;1
;verwöhnen;;verwöhnte;h. verwöhnt;verwöhne|verwöhnst|verwöhnt|verwöhnen|verwöhnt|verwöhnen;verben;elkényeztet;1
;verzogen;;;;;adjektive;elkényeztetett;1
;viel;;;;;adjektive;sok;0
;voll;;;;;adjektive;"tele; telt";0
das;Vollkornbrot;e;;;;nomen;teljes kiörlésű kenyér;4|8
;vollschlank;;;;;adjektive;teltkarcsú;1|10
die;Vorhalle;n;;;;nomen;előcsarnok;7
der;Vorname;n;;;;nomen;keresztnév;1
;vorsichtig;;;;;adjektive;"óvatos; elővigyázatos";1
die;Vorspeise;n;;;;nomen;előétel;4
;vorstehend;;;;;adjektive;kiálló;1
der;Vorteil;e;;;;nomen;"előny; haszon";3
die;Vorwahl;en;;;;nomen;országhívó;0|6
der;Vorzug;Vorzüge;;;;nomen;előny;1
;wagemutig;;;;;adjektive;"merész; vakmerő";1
der;Waise;n;;;;nomen;árva;1
die;Wanderung;en;;;;nomen;"kirándulás; gyalogtúra";2|6
;warm;;;;;adjektive;meleg;0
;waschen;;wusch;h. gewaschen;wasche|wäschst|wäscht|waschen|wascht|waschen;verben;mos;0
;wechseln;;wechselte;h. gewechselt;wechsele|wechselst|wechselt|wechseln|wechselt|wechseln;verben;"cserél; változtat; változik";1
;weich;;;;;adjektive;"puha; lágy";0
das;Weihnachten;-;;;;nomen;karácsony;9
der;Weihnachtsabend;e;;;;nomen;karácsony este;9
der;Weihnachtsbaum;Weihnachtsbäume;;;;nomen;karácsonyfa;9
das;Weihnachtsgeschenk;e;;;;nomen;karácsonyi ajaándék;9|10
der;Weihnachtsmarkt;Weihnachtsmärkte;;;;nomen;karácsonyi vásár;9|10
die;Weihnachtsnacht;;;;;nomen;karácsony este;9
der;Wein;e;;;;nomen;bor;4
;weise;;;;;adjektive;bölcs;1
;weiß;;;;;adjektive;fehér;0
;weiterbilden;;bildete weiter;h. weitergebildet;bilde weiter|bildest weiter|bildet weiter|bilden weiter|bildet weiter|bilden weiter;verben;továbbképez;2|3
die;Weiterbildung;en;;;;nomen;továbbképzés;2|3
;weitläufig;;;;;adjektive;tágas;0
;welk;;;;;adjektive;"petyhüdt; löttyedt";1
;wellig;;;;;adjektive;hullámos;1
die;Welt;en;;;;nomen;világ;0|11
;wenden;;wandte;h. gewandt;wende|wendest|wendet|wenden|wendet|wenden;verben;"elfordít; megforgat";0
;wenig;;;;;adjektive;kevés;0
;werden;;wurde;i. geworden;werde|wirst|wird|werden|werdet|werden;verben;lesz;0
;witzig;;;;;adjektive;"vicces; szellemes";1|9
das;Wochenende;n;;;;nomen;hétvége;0|6|9
der;Wohnort;e;;;;nomen;lakhely;0
das;Wort;Wörter;;;;nomen;szó;0
;wortkarg;;;;;adjektive;"szófukar; szűkszavú";1
die;Wurst;Würste;;;;nomen;"hurka; kolbász";4
;würzen;;würzte;h. gewürzt;würze|würzt|würzt|würzen|würzt|würzen;verben;fűszerez;4
;würzig;;;;;adjektive;fűszeres;4
;zäh;;;;;adjektive;rágós;4
der;Zahn;Zähne;;;;nomen;fog;1|8
der;Zahnersatz;Zahnersätze;;;;nomen;fogpótlás;1|8
;zart;;;;;adjektive;"gyenge; törékeny; enyhe; finom";1
;zeitig;;;;;adjektive;"idejében; jókor";0
das;Zeugnis;se;;;;nomen;bizonyítvány;2
;zierlich;;;;;adjektive;kecses;1
der;Zimmermann;Zimmermänner;;;;nomen;"asztalos; ács";3
der;Zimt;e;;;;nomen;fahéj;4
der;Zirkel;-;;;;nomen;körző;2
die;Zitrone;n;;;;nomen;citrom;4
;zubereiten;;bereitete zu;h. zubereitet;bereite zu|bereitest zu|bereitet zu|bereiten zu|bereitet zu|bereiten zu;verben;"elkészít; előkészít";0|4
der;Zucker;-;;;;nomen;cukor;4|8
;zufrieden;;;;;adjektive;elégedett;1
die;Zukunft;;;;;nomen;jövő;0|2|3|11
der;Zuname;n;;;;nomen;vezetéknév;1
;zurückhaltend;;;;;adjektive;tartózkodó;1
;zuverlässig;;;;;adjektive;megbízható;1|3
;zuvorkommend;;;;;adjektive;"előzékeny; szolgálatkész";1|3
die;Zwiebel;n;;;;nomen;hagyma;4|10
der;Zwilling;e;;;;nomen;ikrek;1