die;Trauung;en;;;;nomen;2;esküvõ
die;Eheschließung;en;;;;nomen;2;házasságkötés
die;Heirat;en;;;;nomen;1;házasság
die;Hochzeit;en;;;;nomen;1;esküvõ, lakodalom
;kirchlich;;;;;adjektive;2;egyházi
;standesamtlich;;;;;adjektive;2;polgári
die;Braut;Bräute;;;;nomen;2;menyasszony
der;Bräutigam;e;;;;nomen;2;võlegény
das;Brautpaar;e;;;;nomen;2;jegyesek
der;Trauzeuge;n;;;;nomen;2;tanú hn. (esküvõi)
die;Trauzeugin;nen;;;;nomen;2;tanú nn. (esküvõi)
der;Brautführer;-;;;;nomen;3;võfély
die;Brautmutter;Brautmütter;;;;nomen;3;örömanya
der;Brautvater;Brautväter;;;;nomen;3;örömapa
der;Geistliche;n;;;;nomen;2;lelkész
der;Priester;-;;;;nomen;2;pap
das;Hochzeitskleid;er;;;;nomen;2;menyasszonyi ruha / võlegény ruha
das;Brautkleid;er;;;;nomen;2;menyasszonyi ruha / võlegény ruha
der;Brautring;e;;;;nomen;2;jeggyûrû
die;Ehering;e;;;;nomen;2;jeggyûrû
der;Brautkranz;Brautkränze;;;;nomen;3;menyasszonyi koszorú
der;Brautschleier;-;;;;nomen;3;fátyol (menyasszonyi)
der;Brautstrauß;Brautstraüße;;;;nomen;3;menyasszonyi csokor
die;Hochzeitsnacht;Hochzeitsnächte;;;;nomen;2;nászéjszaka
das;Hochzeitsgeschenk;e;;;;nomen;2;nászajándék
das;Brautgeschenk;e;;;;nomen;2;nászajándék
das;Hochzeitsfoto;s;;;;nomen;2;esküvõi fénykép
der;Brauttanz;Brauttänze;;;;nomen;2;menyasszonyi tánc
die;Brautentführung;en;;;;nomen;3;menyasszony szöktetés
die;Hochzeitsreise;n;;;;nomen;2;nászút
das;Foto;s;;;;nomen;0;fénykép
;machen;;machte;h. gemacht;mache|machst|macht|machen|macht|machen;verben;0;csinálni
die;Flitterwochen;;;;;nomen;3;mézeshetek
der;Name;n;;;;nomen;0;név
der;Familienname;n;;;;nomen;1;családnév
der;Nachname;n;;;;nomen;1;vezetéknév
der;Vorname;n;;;;nomen;1;keresztnév
der;Mädchenname;n;;;;nomen;1;lánykori név
der;Zuname;n;;;;nomen;2;vezetéknév
der;Kosename;n;;;;nomen;3;becenév
der;Spitzname;n;;;;nomen;2;gúnynév
die;Geburtsangaben;;;;;nomen;2;születési adatok
der;Geburtsort;e;;;;nomen;1;születési hely
das;Geburtsdatum;Geburtsdaten;;;;nomen;1;születési dátum
das;Alter;;;;;nomen;1;életkor
die;Eltern;;;;;nomen;1;szülõk
die;Geschwister;;;;;nomen;1;testvérek
der;Wohnort;e;;;;nomen;1;lakhely
der;Ort;e;;;;nomen;0;hely
die;Adresse;n;;;;nomen;1;lakcím
die;Anschrift;en;;;;nomen;2;lakcím
der;Namensvetter;;;;;nomen;2;vérrokon
die;Postleitzahl;en;;;;nomen;1;irányítószám (postai)
die;Stadt;Städte;;;;nomen;0;város
die;Straße;n;;;;nomen;0;utca
der;Platz;Plätze;;;;nomen;0;tér, hely
das;Dorf;Dörfer;;;;nomen;1;falu
das;Land;Lände;;;;nomen;0;ország
die;Telefonnummber;n;;;;nomen;1;telefonszám
die;Vorwahl;en;;;;nomen;3;országhívó
die;Rufnummer;;;;;nomen;2;hívószám, telefonszám
die;Staatsangehörigkeit;;;;;nomen;2;álllampolgárság
die;Nationalität;;;;;nomen;1;nemzetiség, állmpoltárság
die;Staatsbürgerschaft;;;;;nomen;3;álllampolgárság
der;Familienstand;;;;;nomen;1;családi állapot
die;Schulbildung;en;;;;nomen;3;iskolai képzettség
der;Schulabschluss;Schulabschlüsse;;;;nomen;1;iskolai végzettség
die;Ausbildung;en;;;;nomen;3;mûveltség, kiképzés
der;Beruf;e;;;;nomen;1;szakma, foglalkozás
die;Arbeitsstelle;n;;;;nomen;2;munkahely
die;Nummer;n;;;;nomen;0;szám
das;Hobby;s;;;;nomen;0;hobbi
das;Intresse;n;;;;nomen;2;érdeklõdés
die;Kenntnis;se;;;;nomen;2;ismeret
;heißen;;hieß;h. geheißt;heiße|heißt|heißt|heißen|heißt|heißen;verben;0;hívni
;arbeiten;;arbeitete;h. gearbeitet;arbeite|arbeitest|arbeitet|arbeiten|arbeitet|arbeiten;verben;0;dolgozni
die;Arbeit;en;;;;nomen;0;munka
;hübsch;;;;;adjektive;1;csínos
;aussehen;;sah aus;h. ausgesehen;sehe aus|siehst aus|sieht aus|sehen aus|seht aus|sehen aus;verben;;kinéz valahogy
;gut;;;;;adjektive;;jó, jól
;schlecht;;;;;adjektive;;rossz, rosszul
;toll;;;;;adjektive;;príma, klassz, szuper
;jugendlich;;;;;adjektive;;fiatalos
;prima;;;;;adjektive;;príma
;hässlich;;;;;adjektive;;csúnya, ronda
;gepflegt;;;;;adjektive;;gondozott, ápolt
;ungepflegt;;;;;adjektive;;ápolatlan
die;Brille;n;;;;nomen;;szemüveg
der;Körper;-;;;;nomen;;test
der;Körperbau;-;;;;nomen;;testfelépítés
;gut gebaut;;;;;adjektive;;jó felépítés
;athletish;;;;;adjektive;;atlétikus
;muskulös;;;;;adjektive;;izmos
;durchtrainiert;;;;;adjektive;;kigyúrt
;zart;;;;;adjektive;;vézna, gyenge, törékeny
;schwach;;;;;adjektive;;gyenge, erõtlen
;gebrechlich;;;;;adjektive;;törékeny
;vernachlässigt;;;;;adjektive;;elhanyagolt
die;Figur;en;;;;nomen;;alak
;ideal;;;;;adjektive;;ideális
;schlank;;;;;adjektive;;karcsú
;vollschlank;;;;;adjektive;;teltkarcsú
;rundlich;;;;;adjektive;;kerekded, gömbölyded
;stattlich;;;;;adjektive;;daliás, délceg
;sportlich;;;;;adjektive;;sportos
;unvorteilhaft;;;;;adjektive;;elõnytelen
;dünn;;;;;adjektive;;sovány
;mager;;;;;adjektive;;sovány
;hager;;;;;adjektive;;sovány
;mollig;;;;;adjektive;;dundi, molett
;dick;;;;;adjektive;;kövér, vaskos
;fett;;;;;adjektive;;kövér, zsíros
;beleibt;;;;;adjektive;;testes, kövér
;korpulent;;;;;adjektive;;testes
;umfangreich;;;;;adjektive;;terjedelmes
;dickbäuchig;;;;;adjektive;;pocakos
die;Körpergröße;n;;;;nomen;;testmagasság
;klein;;;;;adjektive;;kicsi
;untersetzt;;;;;adjektive;;zömök, köpcös
;niedrig;;;;;adjektive;;alacsony
;mittelgroß;;;;;adjektive;;közepes méretû
;groß;;;;;adjektive;;nagy
das;Haar;e;;;;nomen;;haj
;glänzend;;;;;adjektive;;fényes, ragyogó
;glatt;;;;;adjektive;;sima
;lockig;;;;;adjektive;;göndör
;wellig;;;;;adjektive;;hullámos
;kraus;;;;;adjektive;;göndör, kusza
;naturkraus;;;;;adjektive;;természetes göndör
;dauergewellt;;;;;adjektive;;dauerolt
;voll;;;;;adjektive;;tele, telt
;füllig;;;;;adjektive;;telt
;spärlich;;;;;adjektive;;gyér, ritka
;brüchig;;;;;adjektive;;törékeny
;kurz;;;;;adjektive;;rövid
;shulterlang;;;;;adjektive;;vállig érõ
;kinnlang;;;;;adjektive;;állig érõ
;lang;;;;;adjektive;;hosszú
;hell;;;;;adjektive;;világos
;dunkle;;;;;adjektive;;sötét
;blond;;;;;adjektive;;szõke
;braun;;;;;adjektive;;barna
;schwarz;;;;;adjektive;;fekete
;rot;;;;;adjektive;;piros, vörös
;gefärbt;;;;;adjektive;;festett
;grau;;;;;adjektive;;szürke, õsz
das;Gesicht;er;;;;nomen;;arc
;schmal;;;;;adjektive;;szûk, keskeny
;breit;;;;;adjektive;;tág, széles
;rund;;;;;adjektive;;kerek
;oval;;;;;adjektive;;ovális
;freundlich;;;;;adjektive;;barátságos
;unfreundlich;;;;;adjektive;;barátságtalan
;länglich;;;;;adjektive;;hosszúkás
;herzförmig;;;;;adjektive;;szívalakú
;eckig;;;;;adjektive;;szögletes
;blass;;;;;adjektive;;sápadt
die;Sommersprosse;n;;;;nomen;;szeplõ
der;Pickel;-;;;;nomen;;pattanás
das;Muttermal;e;;;;nomen;;anyajegy
die;Haut;Häute;;;;nomen;;bõr
;geschmeidig;;;;;adjektive;;rugalmas, sima
;sanft;;;;;adjektive;;lágy, halvány
;rosa;;;;;adjektive;;rózsaszín
;gebräunt;;;;;adjektive;;napbarnított
;trocken;;;;;adjektive;;száraz
;fettig;;;;;adjektive;;zsíros
;normal;;;;;adjektive;;normál
;empfindlich;;;;;adjektive;;érzékeny
;straffe;;;;;adjektive;;feszes
;faltig;;;;;adjektive;;ráncos
;strahlend;;;;;adjektive;;fénylõ, ragyogó
;matt;;;;;adjektive;;matt
;welk;;;;;adjektive;;petyhüdt, löttyedt
;rau;;;;;adjektive;;durva, érdes
;leuchtend;;;;;adjektive;;ragyogó
das;Auge;n;;;;nomen;;szem
;tief;;;;;adjektive;;mély, alacsony
;liegend;;;;;adjektive;;fekve, fekvõ
;vorstehend;;;;;adjektive;;kiálló
;blau;;;;;adjektive;;kék
;grün;;;;;adjektive;;zöld
;blaugrau;;;;;adjektive;;kékesszürke
;grüngrau;;;;;adjektive;;zöldesszürke
die;Nase;n;;;;nomen;;orr
;gerade;;;;;adjektive;;egyenes
;krumm;;;;;adjektive;;görbe
die;Stumpfnase;n;;;;nomen;;pisze orr
die;Hakennase;n;;;;nomen;;horgas-, kampós orr
die;Knollennase;n;;;;nomen;;krumpliorr
das;Ohr;en;;;;nomen;;fül
;spitz;;;;;adjektive;;hegyes, csúcsos
;abstehend;;;;;adjektive;;távolálló, elálló
der;Zahn;Zähne;;;;nomen;;fog
;weiß;;;;;adjektive;;fehér
;gelblich;;;;;adjektive;;sárgás
;gesund;;;;;adjektive;;egészséges
;mangelnd;;;;;adjektive;;hiányos
;schief;;;;;adjektive;;ferde, téves
;falsch;;;;;adjektive;;hamis, rossz, téves
der;Zahnersatz;Zahnersätze;;;;nomen;;fogpótlás
;dritte Zähne;;;;;nomen;;mûfogsor
der;Mund;Münder;;;;nomen;;száj
;sinnlich;;;;;adjektive;;érzéki
;lächelnd;;;;;adjektive;;mosolygós
die;Hand;Hände;;;;nomen;;kéz
;fein;;;;;adjektive;;finom
;grob;;;;;adjektive;;durva
;feucht;;;;;adjektive;;nedves, vizes
;kalt;;;;;adjektive;;hideg
das;Bein;e;;;;nomen;;láb
;geformt;;;;;adjektive;;formás, formál, alakít
;attraktiv;;;;;adjektive;;csinos, bájos, vonzó
;schön;;;;;adjektive;;szép
der;Fuß;Füße;;;;nomen;;láb, lábfej
;zierlich;;;;;adjektive;;kecses
;angeschwollen;;;;;adjektive;;megdagadt, duzzadt
der;Plattfuß;Plattfüße;;;;nomen;;lúdtalp
;allgemeine;;;;;adjektive;;általános, általában
die;Eigenschaft;en;;;;nomen;;tulajdonság
;geistig;;;;;adjektive;;szellemi
die;Fähigkeit;en;;;;nomen;;képesség, adottság
;klug;;;;;adjektive;;okos
;clever;;;;;adjektive;;ügyes
;gescheit;;;;;adjektive;;okos, értelmes
;weise;;;;;adjektive;;bölcs
;begabt;;;;;adjektive;;tehetséges
;intelligent;;;;;adjektive;;intelligens
;scharfsinnig;;;;;adjektive;;éles eszû
;gebildet;;;;;adjektive;;mûvelt, kiképzett
;dumm;;;;;adjektive;;buta, ostoba
;doof;;;;;adjektive;;bugyuta, buta
;blöde;;;;;adjektive;;bamba, bárgyú
;einfältig;;;;;adjektive;;együgyü, buta
;bescheuert;;;;;adjektive;;bolond
;borniert;;;;;adjektive;;korlátolt
;unintelligent;;;;;adjektive;;unintelligens
;stumpfsinnig;;;;;adjektive;;buta, korlátolt, tompa
;schwachsinnig;;;;;adjektive;;gyengeelméjû, elmebajos, féleszû
;stockdumm;;;;;adjektive;;tökkelütött
der;Charakter;e;;;;nomen;;jellem, karakter
;fest;;;;;adjektive;;szilárd, kemény, tartós
;stark;;;;;adjektive;;erõs
;schwierig;;;;;adjektive;;fáradságos, bonyolult
;schwach;;;;;adjektive;;gyenge
;ausgeprägten;;;;;adjektive;;jellegzetes
;zuverlässig;;;;;adjektive;;megbízható
;gewissenschaft;;;;;adjektive;;lelkiismeretes
;ehrlich;;;;;adjektive;;becsületes, õszinte
;gerecht;;;;;adjektive;;becsületes, derék
;aufrichtig;;;;;adjektive;;õszinte, egyenes
;treu;;;;;adjektive;;hû
;beharrlich;;;;;adjektive;;kitartó, ragaszkodó
;beständig;;;;;adjektive;;állandó, kitartó
;loyal;;;;;adjektive;;hû, lojális
;aufgeschlossen;;;;;adjektive;;nyitott gondolkodású, õszínte, nyíltszívû
;offen;;;;;adjektive;;nyitott
;unehrlich;;;;;adjektive;;becstelen, tisztességtelen
;betrügerisch;;;;;adjektive;;csaló, csalóka
;verlogen;;;;;adjektive;;csaló, hazudozó, hazug
;unzuverlässig;;;;;adjektive;;megbízhatatlan, kétes
;ungerecht;;;;;adjektive;;igazságtalan, jogtalan
;eingebildet;;;;;adjektive;;beképzelt
;arrogant;;;;;adjektive;;arrogáns
;überklug;;;;;adjektive;;tudálékos
;angeberisch;;;;;adjektive;;hencegõ, felvágós
;hinterlistig;;;;;adjektive;;alattomos
;bescheiden;;;;;adjektive;;szerény
;leicht gekränkt;;;;;adjektive;;könnyen sértõdõ, sértõdékeny
;ordentlich;;;;;adjektive;;rendes
;ordnungsliebend;;;;;adjektive;;rendes, rendszeretõ
;pedantisch;;;;;adjektive;;pedáns
;unordentlich;;;;;adjektive;;rendetlen
;schlampig;;;;;adjektive;;slampos, rendetlen
das;Temperament;e;;;;nomen;;temperamentum
;zuvorkommend;;;;;adjektive;;elõzékeny, szolgálatkész
;anständig;;;;;adjektive;;tisztességes, illedelmes, rendes
;lässig;;;;;adjektive;;hanyag
;locker;;;;;adjektive;;laza
;gelassen;;;;;adjektive;;higgadt, szenvtelen
;klasse;;;;;adjektive;;nagyszerû
;nett;;;;;adjektive;;kedves, csinos
;cool;;;;;adjektive;;király, klassz, kiváló
der;Durchschnittsmensch;en;;;;nomen;;átlagember
der;Junge;en;;;;nomen;;fiú
das;Mädchen;-;;;;nomen;;lány
;lustig;;;;;adjektive;;vidám
;fröhlich;;;;;adjektive;;vidám, boldog
;freudig;;;;;adjektive;;jókedvû, örömteli
;heiter;;;;;adjektive;;derûs, vidám
;humorvoll;;;;;adjektive;;humoros, tréfás
;witzig;;;;;adjektive;;vicces, szellemes
;betrübt;;;;;adjektive;;szomorú, bánatos
;traurig;;;;;adjektive;;szomorú, bús
;trübsinnig;;;;;adjektive;;búskomor
;temperamentvoll;;;;;adjektive;;temperamentumos
;energisch;;;;;adjektive;;erélyes, energikus
;schwungvoll;;;;;adjektive;;lendületes
;dynamisch;;;;;adjektive;;dinamikus
;lebhaft;;;;;adjektive;;élénk, életrevaló
;beweglich;;;;;adjektive;;mozgékony, mozgatható
;aktiv;;;;;adjektive;;aktív, tevékeny
;unternehmungsfreudig;;;;;adjektive;;vállalkozó szellemû
;risikofreudig;;;;;adjektive;;kockázatos
;neugirig;;;;;adjektive;;kíváncsi
;tapfer;;;;;adjektive;;derék, bátor
;mutig;;;;;adjektive;;bátor, merész
;gewagt;;;;;adjektive;;merész
;wagemutig;;;;;adjektive;;merész, vakmerõ
;kühn;;;;;adjektive;;merész, vakmerõ
;tollkühn;;;;;adjektive;;vakmerõ
;ruhig;;;;;adjektive;;nyugodt
;diszipliniert;;;;;adjektive;;fegyelmezett
;ausgeglichen;;;;;adjektive;;kiegyensúlyozott
;friedliebend;;;;;adjektive;;békeszeretõ
;zurückhaltend;;;;;adjektive;;tartózkodó
;scheu;;;;;adjektive;;félénk, bátortalan
;schüchtern;;;;;adjektive;;félénk, bátortalan
;vorsichtig;;;;;adjektive;;óvatos, elõvigyázatos
die;Fassung;en;;;;nomen;;felfogás, nyugalom
;redselig;;;;;adjektive;;beszédes, bõbeszédû
;gesprächig;;;;;adjektive;;társasági, beszédes
;geschwätzig;;;;;adjektive;;szószátyár
;still;;;;;adjektive;;csendes, nyugodt
;schweigsam;;;;;adjektive;;szótlan, hallgatag
;wortkarg;;;;;adjektive;;szófukar, szûkszavú
;ungeduldig;;;;;adjektive;;türelmetlen
;unruhig;;;;;adjektive;;nyugtalan
;nervös;;;;;adjektive;;ideges
;schnell;;;;;adjektive;;gyors
;frech;;;;;adjektive;;szemtelen, pimasz
;streitsüchtig;;;;;adjektive;;veszekedõs, kötekedõ
;aggressiv;;;;;adjektive;;agresszív, erõszakos
;aufdringlich;;;;;adjektive;;erõszakos, sûrgetõ, tolakodó
;draufgängerisch;;;;;adjektive;;rámenõs, nyomulós
;alle;;;;;adjektive;;minden
;selbstsicher;;;;;adjektive;;magabiztos
;hartnäckig;;;;;adjektive;;makacs, konok
;nachlässig;;;;;adjektive;;hanyag
;optimistisch;;;;;adjektive;;optimista, bizakodó
;pessimistisch;;;;;adjektive;;pesszimista, borúlátó
;skeptisch;;;;;adjektive;;szkeptikus, kételkedõ
;romantisch;;;;;adjektive;;romantikus
;nüchtern;;;;;adjektive;;józan
;sachlich;;;;;adjektive;;tárgyilagos, objektív
;träumerisch;;;;;adjektive;;álmodozó
;realistisch;;;;;adjektive;;realista, gyakorlatias
;großzügig;;;;;adjektive;;nagylelkû, bõkezû
;freigebig;;;;;adjektive;;adakozó, bõkezû
;sparsam;;;;;adjektive;;takarékos
;geizig;;;;;adjektive;;fukar
;geldgierig;;;;;adjektive;;pénzsóvár, kapzsi
;verschwenderisch;;;;;adjektive;;pazarló, költekezõ
;leichtsinnig;;;;;adjektive;;könnyelmû
;kleinlich;;;;;adjektive;;kicsinyes
der;Geizhals;Gleizhälse;;;;nomen;;zsugori, fösvény (fn)
;erfolgreich;;;;;adjektive;;sikeres
;zufrieden;;;;;adjektive;;elégedett
;glücklich;;;;;adjektive;;boldog, szerencsés
;harmonisch;;;;;adjektive;;harmónikus
;abenteuerlich;;;;;adjektive;;kalandos
die;Familie;n;;;;nomen;;család
das;Kind;er;;;;nomen;;gyerek
;führen;;führte;h. geführt;führe|führst|führt|führen|führt|führen;verben;;vezet, visel, életvitel
;ertragreichen;;;;;adjektive;;jövedelmezõ
der;Beruf;e;;;;nomen;;foglalkozás, szakma
der;Job;s;;;;nomen;;munka, állás
;finden;;fand;h. gefunden;finde|findest|findet|finden| findet|finden;verben;;találni
die;Arbeit;en;;;;nomen;;állás, feladat
die;Stelle;en;;;;nomen;;állás, hely
das;Unternehmen;-;;;;nomen;;vállalkozás
;gründen;;gründete;h. gegründet;gründe|gründest|gründet|gründen|gründet|gründen;verben;;alapít
;haben;;hatte;h. gehabt;habe|hast|hat|haben|habt|haben;verben;;van, birtokol
;sein;;war;i. gewesen;bin|bist|ist|sind|seid|sind;verben;;van, létezik
;beruflich;;;;;adjektive;;szakmai
;verdienen;;;;;verben;;keres (pénzt)
;materiell;;;;;adjektive;;anyagi
die;Sicherheit;en;;;;nomen;;biztonság
das;Haus;Häuser;;;;nomen;;ház
das;Eigenheim;e;;;;nomen;;családi ház
das;Auto;s;;;;nomen;;autó
das;Wort;Wörter;;;;nomen;;szó
die;Existenz;en;;;;nomen;;létezés
;aufbauen;;;;;verben;;épít
die;Welt;en;;;;nomen;;világ
;kennenlernen;;;;;verben;;megismerni
;viel;;;;;adjektive;;sok
;reisen;;;;;verben;;utazik
;leben;;;;;verben;;él
;sprachen;;;;;verben;;beszél
;weiterbilden;;;;;verben;;továbbképez
;sammeln;;;;;verben;;gyûjteni
der;Sport;s;;;;nomen;;sport
der;Künstler;-;;;;nomen;;mûvész
die;Karriere;n;;;;nomen;;karrier
;schöpferisch;;;;;adjektive;;alkotó, teremtõ
;künstlerisch;;;;;adjektive;;mûvészi
die;Tätigkeit;en;;;;nomen;;tevékenység
;ausüben;;;;;verben;;begyakorol, folytat
;setzen;;;;;verben;;ül
der;Naturschutz;-;;;;nomen;;természetvédelem
der;Umweltschutz;-;;;;nomen;;környezetvédelem
das;Tier;e;;;;nomen;;állat
;werden;;;;;verben;;lesz
der;Single;s;;;;nomen;;egyedül élõ, szingli
;sonstig;;;;;adjektive;;egyébként, különben
das;Familienmitglied;er;;;;nomen;;családtag
der;Junggeselle;n;;;;nomen;;agglegény
das;Einzelkind;er;;;;nomen;;egyke
der;Zwilling;e;;;;nomen;;ikrek
der;Drilling;e;;;;nomen;;hármasikrek
der;Säugling;e;;;;nomen;;csecsemõ
das;Baby;s;;;;nomen;;bébi
das;Kleinkind;er;;;;nomen;;kisgyerek
der;Waise;n;;;;nomen;;árva
die;Pflegeeltern;-;;;;nomen;;nevelõszülõk
die;Stiefeltern;-;;;;nomen;;mostohaszülõk
der;Stiefvater;Stiefväter;;;;nomen;;mostohaapa
die;Stiefmutter;Stiefmütter;;;;nomen;;mostohaanya
der;Pflegevater;Pflegeväter;;;;nomen;;nevelõapa
die;Pflegemutter;Pflegemütter;;;;nomen;;nevelõanya
;kinderreich;;;;;adjektive;;sokgyerekes
;kinderlos;;;;;adjektive;;gyermektelen
;stammen;;;;;verben;;származni
;alleinstechend;;;;;adjektive;;egyedülálló
;ledig;;;;;adjektive;;hajadon
;verwitwet;;;;;adjektive;;özvegy
;geschieden;;;;;adjektive;;elvált
der;Lebensgefährte;en;;;;nomen;;életveszély
die;Lebenspartnerin;-;;;;nomen;;élettárs (nõ)
der;Lebenspartner;-;;;;nomen;;élettárs (férfi)
der;Partner;Partner;;;;nomen;;partner
die;Partnerin;nen;;;;nomen;;partnernõ
der;Freund;e;;;;nomen;;barát
die;Freundin;nen;;;;nomen;;barátnõ
;heiraten;;;;;verben;;házasodni
;schließen;;;;;verben;;köt, bezár
der;Mann;Männer;;;;nomen;;férfi, ember
die;Frau;en;;;;nomen;;nõ
die;Ehe;en;;;;nomen;;házasság
;erwarten;;;;;verben;;elvár, megvár
;bringen;;;;;verben;;hoz, visz
;bekommen;;;;;verben;;kap
;folgsam;;;;;adjektive;;engedelmes, szófogadó
;verzogen;;;;;adjektive;;elkényeztetett
;erziehen;;;;;verben;;felnevel
;versorgen;;;;;verben;;ellát, gondoskodik
;verwöhnen;;;;;verben;;elkényeztet
;kümmern;;;;;verben;;törõdikl, gondoskodik
;sorgen;;;;;verben;;gondoskodik
die;Sorge;en;;;;nomen;;gondoskodás, aggódás
das;Kinderheim;e;;;;nomen;;gyerekotthon
die;Rente;n;;;;nomen;;nyugdíj
die;Großeltern;-;;;;nomen;;nagyszülõk
;mütterlicherseits;;;;;adjektive;;anyai részrõl
;väterlicherseits;;;;;adjektive;;apai részrõl
der;Großvater;Großväter;;;;nomen;;nagypapa
der;Opa;s;;;;nomen;;nagypapa (röviden)
die;Großmutter;Großmütter;;;;nomen;;nagymama
die;Oma;s;;;;nomen;;nagymama (röviden)
der;Schwiegervater;Schwiegerväter;;;;nomen;;após
die;Schwiegermutter;Schwiegermütter;;;;nomen;;anyós
der;Onkel;-;;;;nomen;;nagybácsi
die;Tante;n;;;;nomen;;nagynéni
der;Cousin;s;;;;nomen;;unokatestvér (fiú)
die;Cousine;n;;;;nomen;;unokatestvér (lány)
der;Bruder;Brüder;;;;nomen;;fiútestvér
die;Schwester;n;;;;nomen;;lánytesetvér
der;Ehemann;Ehemänner;;;;nomen;;férj
die;Ehefrau;en;;;;nomen;;feleség
der;Neffe;n;;;;nomen;;unokaöccs
die;Nichte;n;;;;nomen;;unokahúg
der;Schwiegersohn;Schwiegersöhne;;;;nomen;;võ
die;Schwiegertochter;Schwiegertöchter;;;;nomen;;meny
der;Sohn;Söhne;;;;nomen;;fia
die;Tochter;Töchter;;;;nomen;;lánya
der;Enkel;-;;;;nomen;;fiúunoka
der;Enkelsohn;Enkelsöhne;;;;nomen;;fiúunoka
die;Enkelin;nen;;;;nomen;;lányunoka
die;Enkeltochter;Enkeltöchter;;;;nomen;;lányunoka
der;Verwandte;n;;;;nomen;;rokon
der;Blutsverwandte;n;;;;nomen;;vérrokon
der;Angehörige;n;;;;nomen;;hozzátartozó
der;Pate;n;;;;nomen;;keresztapa
die;Patin;nen;;;;nomen;;keresztanya
das;Patekind;er;;;;nomen;;keresztgyermek
der;Nachbar;n;;;;nomen;;szomszéd (férfi)
die;Nachbarin;nen;;;;nomen;;szomszéd (nõ)
der;Kollege;n;;;;nomen;;kolléga
der;Mitarbeiter;-;;;;nomen;;munkatárs, dolgozó
die;Kollegin;nen;;;;nomen;;kolléganõ
die;Mitarbeiterin;nen;;;;nomen;;munkatársnõ
der;Chef;s;;;;nomen;;szakács, fõnök
der;Mitschüler;-;;;;nomen;;osztálytárs
die;Mitschülerin;nen;;;;nomen;;osztálytársnõ
der;Schulkamerad;en;;;;nomen;;iskolatárs
;wenig;;;;;adjektive;;kevés
;nah;;;;;adjektive;;közeli
;entfernt;;;;;adjektive;;távoli
;weitläufig;;;;;adjektive;;tágas
;gehören;;;;;verben;;tartozni valamihez
;früh;;;;;adjektive;;korán
;spät;;;;;adjektive;;késõ
;zeitig;;;;;adjektive;;idejében, jókor
die;Uhr;en;;;;nomen;;óra
der;Tagesablauf;-;;;;nomen;;napirend
die;Dusche;n;;;;nomen;;zuhany
;nehmen;;;;;verben;;fog, visz
;kalt;;;;;adjektive;;hideg, hûvös
;warm;;;;;adjektive;;meleg
der;Zahn;Zähne;;;;nomen;;fog
;schminken;;;;;verben;;sminkelni
der;Arbeitsplatz;Arbeitsplätze;;;;nomen;;munkahely
das;Frühstück;e;;;;nomen;;reggeli
;kämmen;;;;;verben;;fésül
;anziehen;;;;;verben;;felöltözik, felvesz
;gehen;;;;;verben;;megy
der;Mittag;e;;;;nomen;;dél (napszak)
das;Mittag;e;;;;nomen;;ebéd
;lernen;;;;;verben;;tanul
die;Hausaufgabe;n;;;;nomen;;házifeladat
die;Aufgabe;n;;;;nomen;;feladat
;machen;;;;;verben;;csinál, elkészít
der;Kurs;e;;;;nomen;;tanfolyam, kurzus
;besuchen;;;;;verben;;meglátogat
die;Freizeit;en;;;;nomen;;szabadidõ
das;Kino;s;;;;nomen;;mozi
;lesen;;;;;verben;;olvas
;spielen;;;;;verben;;játszik
;fernsehen;;;;;verben;;tévét néz
;sehen;;;;;verben;;néz, lát
;beschäftigen;;;;;verben;;foglalkozni vmivel
;surfen;;;;;verben;;szörfözni
der;Straps;e;;;;nomen;;harisnyatartó
der;Tag;e;;;;nomen;;nap
;erholen;;;;;verben;;elhoz, kipiheni magát
der;Abend;e;;;;nomen;;este
das;Bett;-;;;;nomen;;ágy
;schlafen;;;;;verben;;alszik
;legen;;;;;verben;;fekszik, elhelyez
;hängen;;;;;verben;;lóg, akaszt
das;Familienprogramm;e;;;;nomen;;családi program
;gemeinsam;;;;;adjektive;;együtt, közösen
das;Wochenende;n;;;;nomen;;hétvége
;unternehmen;;;;;verben;;vállal, megtesz
der;Gast;Gäste;;;;nomen;;vendég
der;Ausflug;Ausflüge;;;;nomen;;kirándulás
das;Picknick;s;;;;nomen;;piknik
;empfangen;;;;;verben;;fogad, vesz
die;Wanderung;en;;;;nomen;;kirándulás, gyalogtúra
die;Radtour;en;;;;nomen;;kerékpártúra
der;Garten;Gärten;;;;nomen;;kert
das;Theater;-;;;;nomen;;színház
das;Museum;Museen;;;;nomen;;múzeum
das;Konzert;e;;;;nomen;;koncert
;faulenzen;;;;;verben;;lustálkodik
der;Betrug;Betruge;;;;nomen;;csalás
die;Scheidung;en;;;;nomen;;válás
;treiben;;;;;verben;;ûz, hajt, csinál
das;Fußballspiel;e;;;;nomen;;labdarúgás
;fremd;;;;;adjektive;;idegen, ismeretlen, furcsa
;leben;;;;;verben;;él
die;Kindererziehung;en;;;;nomen;;gyermeknevelés
das;Geldproblem;e;;;;nomen;;pénz probléma
das;Familienfest;e;;;;nomen;;családi ünnep
;betrügen;;;;;verben;;csal, becsap
;verlieben;;;;;verben;;szerelmes lesz, beleszeret vkibe
die;Beziehung;en;;;;nomen;;összefüggés, kapcsolat
das;Fest;e;;;;nomen;;ünnep, ünnepély
die;Feier;n;;;;nomen;;ünnep
;veranstalten;;;;;verben;;szervez, megrendez
der;Familienkreis;e;;;;nomen;;családi kör
der;Freundeskreis;e;;;;nomen;;baráti kör
;feiern;;;;;verben;;ünnepel
die;Verlobung;en;;;;nomen;;eljegyzés
;silbern;;;;;adjektive;;ezüst
;golden;;;;;adjektive;;arany
;diamanten;;;;;adjektive;;gyémánt
die;Geburt;en;;;;nomen;;szülés, születés
die;Taufe;n;;;;nomen;;keresztelés
die;Einschulung;n;;;;nomen;;iskolába küldés
das;Abitur;e;;;;nomen;;érettségi
das;Diplom;e;;;;nomen;;diploma
das;Jubiläum;Jubiläen;;;;nomen;;évforduló, jubileum
der;Geburtstag;e;;;;nomen;;születésnap
der;Namenstag;e;;;;nomen;;névnap
der;Jahreswechsel;-;;;;nomen;;évváltás
das;Neujahr;e;;;;nomen;;újév
das;Ostern;;;;;nomen;;húsvét
das;Weihnachten;-;;;;nomen;;karácsony
das;Pfingsten;;;;;nomen;;pünkösd
die;Party;s;;;;nomen;;buli, parti
die;Geburtstagparty;s;;;;nomen;;szülinapi buli
;einladen;;;;;verben;;meghív, bepakol
;gratulieren;;;;;verben;;gratulál
die;Geburtstagstorte;n;;;;nomen;;születésnapi torta
;backen;;;;;verben;;süt (sütit)
die;Kerze;n;;;;nomen;;gyertya
;schmücken;;;;;verben;;díszít, ékesít
die;Geburtstagskarte;n;;;;nomen;;szülinapi kártya
das;Geburtstagsgeschenk;e;;;;nomen;;szülinapi ajándék
die;Trauung;en;;;;nomen;;házasságkötés, esküvõ
;kirchlich;;;;;adjektive;;egyházi
;vermählen;;;;;verben;;egyesít, férjhez ad
;lassen;;;;;verben;;enged, hagy
;trauen;;;;;verben;;megbízni
der;Polterabend;e;;;;nomen;;leánybúcsú
die;Schwelle;n;;;;nomen;;küszöb
der;Nikolaustag;e;;;;nomen;;mikulásnap
der;Nikolaus;;;;;nomen;;mikulás
der;Advent;e;;;;nomen;;advent
die;Adventszeit;;;;;nomen;;advent ideje
der;Adventsonntag;e;;;;nomen;;advent vasárnapja
der;Adventskranz;Adventkränze;;;;nomen;;adventi koszorú
;aufhängen;;;;;verben;;felakaszt
die;Weihnachtsnacht;;;;;nomen;;karácsony este
die;Christnacht;Christnächte;;;;nomen;;karácsony éjjele
der;Weihnachtsabend;e;;;;nomen;;karácsony este
der;Weihnachtsbaum;Weihnachtsbäume;;;;nomen;;karácsonyfa
das;Weihnachtsgeschenk;e;;;;nomen;;karácsonyi ajaándék
die;Bescherung;en;;;;nomen;;ajándékozás, meglepetés
;bescheren;;;;;verben;;ajándékoz, meglep
der;Weihnachtsmarkt;Weihnachtsmärkte;;;;nomen;;karácsonyi vásár
;traditionell;;;;;adjektive;;hagyományos
der;Frohsinn;e;;;;nomen;;boldogság
das;Silvester;;;;;nomen;;szilveszter
die;Karwoche;n;;;;nomen;;nagyhét
das;Osterei;er;;;;nomen;;húsvéti tojás
;färben;;;;;verben;;fest, színez
;bemalen;;;;;verben;;befest
;verstecken;;;;;verben;;elrejt
;suchen;;;;;verben;;keresni
;essen;;;;;verben;;enni
;trinken;;;;;verben;;inni
der;Osterhase;n;;;;nomen;;húsvéti nyúl
;schicken;;;;;verben;;küldeni
der;Schinken;-;;;;nomen;;sonka
;kochen;;;;;verben;;fõzni
;bespritzen;;;;;verben;;lefröcsköl, locsol
;sonnig;;;;;verben;;derûs, napos
das;Klassenzimmer;-;;;;nomen;;osztályterem
der;Lehrertisch;e;;;;nomen;;tanári asztal
der;Lehrer;-;;;;nomen;;tanár (férfi)
die;Lehrerin;nen;;;;nomen;;tanár (nõ)
die;Schulbank;Schulbänke;;;;nomen;;iskolapad
der;Schüler;-;;;;nomen;;tanuló
die;Schülerin;nen;;;;nomen;;tanulólány
;schreiben;;;;;verben;;írni
;notieren;;;;;verben;;feljegyez, megyjegyez
die;Tafel;n;;;;nomen;;tábla
der;Schwamm;Schwämme;;;;nomen;;szivacs
die;Kleiderablage;n;;;;nomen;;ruhatár
die;Landkarte;n;;;;nomen;;térkép
das;Heft;e;;;;nomen;;füzet
das;Etui;s;;;;nomen;;tok, doboz
die;Federmappe;n;;;;nomen;;tolltartó
der;Kuli;s;;;;nomen;;toll
der;Füller;s;;;;nomen;;töltõtoll
der;Bleistift;e;;;;nomen;;ceruza
der;Buntstift;e;;;;nomen;;színes ceruza
der;Markierer;-;;;;nomen;;kihúzó
der;Radiergummi;s;;;;nomen;;radír
das;Lineal;e;;;;nomen;;vonalzó
der;Zirkel;-;;;;nomen;;körzõ
der;Taschenrechner;-;;;;nomen;;számológép
die;Schule;n;;;;nomen;;iskola
das;Gymnasium;;;;;nomen;;gimnázium
die;Klasse;n;;;;nomen;;osztály
der;Gymnasiast;en;;;;nomen;;gimnazista
;faul;;;;;adjektive;;lusta
;begabt;;;;;adjektive;;tehetséges
der;Vorzug;Vorzüge;;;;nomen;;elõny
;gerecht;;;;;adjektive;;megfelelõ, igazságos, becsületes
;erfahren;;;;;verben;;tapasztal, megtud
;strenge;;;;;adjektive;;következetes
;mildern;;;;;verben;;enyhít, csillapít
;geduldig;;;;;adjektive;;türelmes
;hilfsbereit;;;;;adjektive;;segítõkész
;verständnisvoll;;;;;adjektive;;megértõ, együttérzõ
die;Grundschule;n;;;;nomen;;általános iskola
der;Klassenlehrer;n;;;;nomen;;osztályfõnök (férfi)
die;Klassenlehrerin;nen;;;;nomen;;osztályfõnök (nõ)
die;Schulleitung;en;;;;nomen;;iskola vezetés
der;Schulleiter;-;;;;nomen;;iskola vezetõ (férfi)
die;Schulleiterin;nen;;;;nomen;;iskola vezetõ (nõ)
der;Schuldirektor;en;;;;nomen;;igazgató
die;Schuldirektorin;nen;;;;nomen;;igazgatónõ
der;Lehrkörper;-;;;;nomen;;tantestület
das;Fach;Fächer;;;;nomen;;tantárgy, szakma
;unterrichten;;;;;verben;;tanít
;mittelmäßig;;;;;adjektive;;átlagos, középszerû
;regelmäßig;;;;;adjektive;;rendszeres, szabályos
;büffeln;;;;;verben;;magol
;studieren;;;;;verben;;tanul (felsõbb képzésben)
der;Eingang;Eingänge;;;;nomen;;bejárat
der;Ausgang;Ausgänge;;;;nomen;;kijárat
die;Rezeption;en;;;;nomen;;recepció
die;Vorhalle;n;;;;nomen;;elõcsarnok
die;Sekretariat;e;;;;nomen;;titkárság
das;Direktorenzimmer;-;;;;nomen;;igazgatói iroda
das;Sprachlabor;s;;;;nomen;;nyelvi terem
die;Sporthalle;n;;;;nomen;;sportcsarnok
die;Turnhalle;n;;;;nomen;;tornaterem
der;Speiseshalle;Speiseshalle;;;;nomen;;ebédlõ
die;Kreide;n;;;;nomen;;kréta
das;Schuljahr;e;;;;nomen;;tanév
das;Halbjahr;e;;;;nomen;;félév (iskolai)
die;Sozialkunde;;;;;nomen;;társadalomismeret
die;Muttersprache;;;;;nomen;;anyanyelv
die;Fremdsprache;n;;;;nomen;;idegennyelv
die;Mathematik;;;;;nomen;;matek
die;Physik;;;;;nomen;;fizika
die;Chemie;;;;;nomen;;kémia
die;Biologie;;;;;nomen;;biológia
die;Geographie;;;;;nomen;;földrajz
die;Geschichte;;;;;nomen;;történelem
die;Musik;;;;;nomen;;ének, zene
die;Philosophie;n;;;;nomen;;filozófia
die;Psychologie;n;;;;nomen;;pszihológia
der;Sport;Sportarten;;;;nomen;;tesi, sport
der;Stundenplan;Stundenpläne;;;;nomen;;órarend
die;Stunde;n;;;;nomen;;órarend
die;Lieblingsstunde;n;;;;nomen;;kedvenc óra
die;Freistunde;n;;;;nomen;;lyukasóra
die;Arbeitsgemeinschaft;en;;;;nomen;;szakkör, munkacsoport
die;Bandweihe;;;;;nomen;;szalagavató
die;Valediktion;;;;;nomen;;ballagás
die;Klausur;en;;;;nomen;;zárthelyi dolgozat
die;Note;n;;;;nomen;;osztályzat, jegy
das;Zeugnis;se;;;;nomen;;bizonyítvány
;erteilen;;;;;verben;;megad, adományoz
das;Brief;e;;;;nomen;;levél
der;Vorteil;e;;;;nomen;;elõny, haszon
der;Nachteil;e;;;;nomen;;hátrány, veszteség
der;Kindergarten;Kindergärten;;;;nomen;;óvoda
die;Schulpflicht;en;;;;nomen;;tankötelezettség
;mündlich;;;;;adjektive;;szóbeli
;schriftlich;;;;;adjektive;;írásbeli
;beherrschen;;;;;verben;;uralkodik, tökéletesen tud
;bisschen;;;;;adjektive;;kicsit, kissé
die;Sprachprüfung;;;;;nomen;;nyelvvizsga
die;Prüfung;en;;;;nomen;;vizsga
;knüpfen;;;;;verben;;köt, csomóz
das;Studium;Studien;;;;nomen;;tanulmány (felsõfokú)
der;Koch;Köche;;;;nomen;;szakács
die;Köchin;nen;;;;nomen;;szakácsnõ
der;Bäcker;-;;;;nomen;;pék
die;Bäckerin;nen;;;;nomen;;pék (nõ)
der;Fleischer;-;;;;nomen;;hentes
der;Schuhmacher;-;;;;nomen;;cipész
der;Maler;-;;;;nomen;;festõ
der;Tischler;-;;;;nomen;;asztalos
der;Maurer;-;;;;nomen;;kõmûves
der;Zimmermann;Zimmermänner;;;;nomen;;asztalos, ács
der;Dachdecker;-;;;;nomen;;tetõfedõ
der;Landwirt;e;;;;nomen;;gazda
der;Förster;-;;;;nomen;;erdész
der;Gärtner;-;;;;nomen;;kertérsz
der;Friseur;e;;;;nomen;;fodrász
die;Friseuse;n;;;;nomen;;fodrásznõ
die;Kosmetikerin;nen;;;;nomen;;kozmetikus
der;Fotograf;en;;;;nomen;;fényképész
der;Uhrmacher;-;;;;nomen;;órás
der;Florist;en;;;;nomen;;virágárus
die;Floristin;nen;;;;nomen;;virágárusnõ
der;Verkäufer;-;;;;nomen;;eladó
die;Verkäuferin;nen;;;;nomen;;eladónõ
der;Kellner;-;;;;nomen;;pincér
die;Kellnerin;nen;;;;nomen;;pincérnõ
der;Busfahrer;-;;;;nomen;;buszsofõr
der;Postbeamte;n;;;;nomen;;postatisztviselõ
der;Briefträger;-;;;;nomen;;postás, levélhordó
der;Polizist;en;;;;nomen;;rendõr
der;Feuerwehrmann;Feuerwehrmänner;;;;nomen;;tûzoltó
der;Beruf;e;;;;nomen;;hivatás, szakma
die;Zukunft;;;;;nomen;;jövõ
;ergreifen;;;;;verben;;megragad, fog
der;Mangelberuf;e;;;;nomen;;hiányszakma
;berufstätig;;;;;adjektive;;dolgozó, hivatását gyakorló
der;Glaser;-;;;;nomen;;üveges
der;Optiker;-;;;;nomen;;optikus
der;Goldschmied;e;;;;nomen;;aranymûves, ötvös
der;Landwirt;e;;;;nomen;;mezõgazda
der;Pilot;en;;;;nomen;;pilota
die;Stewardess;en;;;;nomen;;légiutaskísérõ
der;Programmierer;-;;;;nomen;;programozó
der;Journalist;en;;;;nomen;;újságíró
die;Journalistin;nen;;;;nomen;;újságírónõ
der;Reporter;-;;;;nomen;;riporter
die;Reporterin;nen;;;;nomen;;riporternõ
der;Schauspieler;-;;;;nomen;;színész
die;Schauspielerin;nen;;;;nomen;;színésznõ
der;Baletttänzer;-;;;;nomen;;balettáncos
die;Baletttänzerin;nen;;;;nomen;;balettáncosnõ
der;Graphiker;-;;;;nomen;;grafikus
die;Graphikerin;nen;;;;nomen;;grafikusnõ
der;Sänger;-;;;;nomen;;énekes
die;Sängerin;nen;;;;nomen;;énekesnõ
der;Arzt;Ärzte;;;;nomen;;orvos
die;Ärztin;nen;;;;nomen;;orvosnõ
der;Mathematiker;-;;;;nomen;;matematikus
der;Chemiker;-;;;;nomen;;vegyész, gyógyszerész
der;Physiker;-;;;;nomen;;fizikus
der;Biologe;n;;;;nomen;;biológus
der;Ökonom;en;;;;nomen;;közgazdász
;absolvieren;;;;;verben;;elvégez, befejez
;abschließen;;;;;verben;;lezár, befejez
die;Hochschule;n;;;;nomen;;fõiskola
die;Universität;en;;;;nomen;;egyetem
die;Medizin;en;;;;nomen;;gyógyszer
;erreichen;;;;;verben;;elér, elnyer
die;Weiterbildung;en;;;;nomen;;továbbképzés
die;Umschulung;en;;;;nomen;;átképzés
die;Stelle;n;;;;nomen;;állás, hely
der;Betrieb;e;;;;nomen;;vállalat
die;Fabrik;en;;;;nomen;;gyár
die;Firma;Firmen;;;;nomen;;cég, vállalat
;wechseln;;;;;verben;;cserél, változtat, változik
;verlieren;;;;;verben;;elveszt, elhagy
;informieren;;;;;verben;;tájékoztat, értesít
;bewerben;;;;;verben;;pályázik, jelentkezik
der;Bewerber;-;;;;nomen;;pályázó, jelentkezõ (férfi)
die;Bewerberin;nen;;;;nomen;;pályázó, jelentkezõ (nõ)
die;Bewerbung;en;;;;nomen;;pályázat, kérelem
der;Lebenslauf;Lebensläufe;;;;nomen;;önéletrajz
;beilegen;;;;;verben;;mellékel, csatol
der;Beamte;n;;;;nomen;;hivatalnok (férfi)
die;Beamtin;nen;;;;nomen;;hivatalnok (nõ)
das;Einkommen;-;;;;nomen;;jövedelem, bevétel
der;Verdienst;;;;;nomen;;kereset
der;Lohn;Löhne;;;;nomen;;fizetés, munkabér
die;Prämie;n;;;;nomen;;prémium
das;Gehalt;Gehälter;;;;nomen;;fizetés
;gleitend;;;;;adjektive;;kötetlen
;flexibl;;;;;adjektive;;rugalmas
;familiäres;;;;;adjektive;;családias, családi
;monoton;;;;;adjektive;;egyhangú
;angenehm;;;;;adjektive;;kellemes
der;Arbeitslose;n;;;;nomen;;munkanélküli
der;Empfang;Empfänge;;;;nomen;;fogadás
der;Esstisch;e;;;;nomen;;étkezõasztal
die;Tischdecke;n;;;;nomen;;asztalterítõ
das;Tischtuch;Tischtücher;;;;nomen;;papír zsebkendõ
der;Teller;-;;;;nomen;;tányér
der;Löffel;-;;;;nomen;;kanál
die;Gabel;n;;;;nomen;;villa
die;Dessertgabel;n;;;;nomen;;dessert villa
das;Messer;-;;;;nomen;;kés
das;Glas;Gläser;;;;nomen;;üveg, pohár
die;Schale;n;;;;nomen;;tálka
die;Serviette;n;;;;nomen;;szalvéta
das;Essen;-;;;;nomen;;étel
die;Speise;n;;;;nomen;;étel, élelem
das;Getränk;e;;;;nomen;;ital
die;Obstplatte;n;;;;nomen;;gyümölcstál
der;Apfel;Äpfel;;;;nomen;;alma
die;Birne;n;;;;nomen;;körte
die;Pflaume;n;;;;nomen;;szilva
die;Traube;n;;;;nomen;;szõlõ
die;Melone;n;;;;nomen;;dinnye
die;Orange;n;;;;nomen;;narancs
die;Banane;n;;;;nomen;;banán
die;Gemüseplatte;n;;;;nomen;;zöldségtál
die;Tomate;n;;;;nomen;;paradicsom
die;Zwiebel;n;;;;nomen;;hagyma
die;Gurke;n;;;;nomen;;uborka
der;Kopfsalat;e;;;;nomen;;fejes saláta
der;Paprika;-;;;;nomen;;paprika
die;Bratwurst;Bratwürste;;;;nomen;;sült kolbász
der;Fisch;e;;;;nomen;;hal
das;Ei;er;;;;nomen;;tojás
das;Brathähnchen;-;;;;nomen;;sült csirke
der;Schweinebraten;-;;;;nomen;;sertéssült
die;Süßigkeit;en;;;;nomen;;édesség
die;Obsttorte;n;;;;nomen;;gyümölcstorta
der;Kuchen;-;;;;nomen;;sütemény, kalács
das;Mineralwasser;;;;;nomen;;ásványvíz
der;Obstsaft;Obstsäfe;;;;nomen;;gyümölcslé
der;Wein;e;;;;nomen;;bor
das;Bier;e;;;;nomen;;sör
der;Schnaps;Schnäpse;;;;nomen;;pálinka
das;Lebensmittel;-;;;;nomen;;élelmiszer
;schmecken;;;;;verben;;kóstol
;köstlich;;;;;adjektive;;pompás
;lecker;;;;;adjektive;;finnyás, ízletes
;fein;;;;;adjektive;;finom, kiváló
;schmackhaft;;;;;adjektive;;ízletes
;appetitlich;;;;;adjektive;;étvágygerjesztõ
;süß;;;;;adjektive;;édes
;sauer;;;;;adjektive;;savanyú
;bitter;;;;;adjektive;;keserû
;würzig;;;;;adjektive;;fûszeres
;salzig;;;;;adjektive;;sós
;weich;;;;;adjektive;;puha, lágy
;zart;;;;;adjektive;;enyhe, finom
;frisch;;;;;adjektive;;friss
;knusprig;;;;;adjektive;;ropogós
;zäh;;;;;adjektive;;rágós
;fett;;;;;adjektive;;zsíros, kövér
;verbrannt;;;;;adjektive;;égett
;mager;;;;;adjektive;;sovány
;kalorienarm;;;;;adjektive;;kalóriaszegény
;kalorienreich;;;;;adjektive;;kalóriadús
;gesund;;;;;adjektive;;egészséges
der;Hunger;;;;;nomen;;éhség
;scharf;;;;;adjektive;;erõs, csípõs
;durstig;;;;;adjektive;;szomjas
der;Appetit;e;;;;nomen;;étvágy
das;Leibgericht;e;;;;nomen;;kedvenc étel
das;Brot;e;;;;nomen;;kenyér
das;Brötchen;-;;;;nomen;;zsemle
das;Hörnchen;-;;;;nomen;;kifli
das;Obst;Obstarten;;;;nomen;;gyümölcs
die;Aprikose;n;;;;nomen;;sárgabarack, kajszibarack
der;Pfirsich;e;;;;nomen;;õszibarack
die;Kirsche;n;;;;nomen;;cseresznye
die;Sauerkirsche;n;;;;nomen;;meggy
die;Erdbeere;n;;;;nomen;;eper
die;Himbeere;n;;;;nomen;;málna
die;Stachelbeere;n;;;;nomen;;egres
die;Heidelbeere;n;;;;nomen;;áfonya
die;Johannisbeere;n;;;;nomen;;ribizli
die;Nuss;Nüsse;;;;nomen;;dió
die;Zitrone;n;;;;nomen;;citrom
die;Grapefruit;;;;;nomen;;grépfruit
die;Mandarine;n;;;;nomen;;mandarin
die;Feige;n;;;;nomen;;füge
die;Dattel;n;;;;nomen;;datolya
das;Gemüse;;;;;nomen;;zöldség, fõzelék
die;Haselnuss;Haselnüsse;;;;nomen;;mogyoró
der;Porree;s;;;;nomen;;póréhagyma
die;Mohrrübe;n;;;;nomen;;sárgarépa, répa
die;Steckrübe;n;;;;nomen;;fehérrépa
die;Karotte;n;;;;nomen;;sárgarépa, répa
der;Sellerie;-;;;;nomen;;zeller
der;Rettich;e;;;;nomen;;retek
die;Kartoffel;n;;;;nomen;;burgonya, krumpli
der;Spinat;;;;;nomen;;spenót
der;Sauerampfer;-;;;;nomen;;sóska
der;Kohl;e;;;;nomen;;káposzta, kelkáposzta
der;Spargel;-;;;;nomen;;spárga
der;Brokkoli;s;;;;nomen;;brokkoli
die;Bohne;n;;;;nomen;;bab
die;Linse;n;;;;nomen;;lencse
der;Mohn;e;;;;nomen;;mák
die;Milch;;;;;nomen;;tej
die;Butter;-;;;;nomen;;vaj
die;Margarine;n;;;;nomen;;margarin
der;Käse;-;;;;nomen;;sajt
das;Fleisch;;;;;nomen;;hús
die;Wurst;Würste;;;;nomen;;hurka, kolbász
der;Aufschnitt;e;;;;nomen;;felvágott
das;Öl;e;;;;nomen;;olaj
das;Lorbeerblatt;Lorbeerblätte;;;;nomen;;babérlevél
das;Basilikum;s;;;;nomen;;bazsalikom
der;Koriander;-;;;;nomen;;koriandermag  
der;Oregano;;;;;nomen;;oregánó
der;Senf;e;;;;nomen;;mustár
der;Essig;e;;;;nomen;;ecet
der;Ketchup;;;;;nomen;;ketchup
der;Kümmel;-;;;;nomen;;kömény
der;Zimt;e;;;;nomen;;fahéj
der;Zucker;-;;;;nomen;;cukor
die;Vanille;n;;;;nomen;;vanília
der;Ingwer;-;;;;nomen;;gyömbér
das;Curry;s;;;;nomen;;curry
der;Chili;;;;;nomen;;erõs paprika
die;Speisewürze;n;;;;nomen;;ételízesítõ
der;Tee;s;;;;nomen;;tea
der;Kaffee;;;;;nomen;;kávé
der;Kakao;;;;;nomen;;kakaó
die;Limonade;n;;;;nomen;;limonádé
die;Cola;s;;;;nomen;;kóla
der;Likör;e;;;;nomen;;likõr
der;Sekt;e;;;;nomen;;pezsgõ
;ausgiebig;;;;;adjektive;;kiadós
der;Honig;e;;;;nomen;;méz
der;Gang;Gänge;;;;nomen;;folyósó
das;Gericht;e;;;;nomen;;bíróság, étel
die;Suppe;n;;;;nomen;;leves
die;Vorspeise;n;;;;nomen;;elõétel
der;Nachspeise;n;;;;nomen;;utóétel, desszert
das;Dessert;s;;;;nomen;;desszert
das;Hauptgericht;e;;;;nomen;;fõétel, fõfogás
;dreigängig;;;;;adjektive;;háromfogásos
das;Abendessen;-;;;;nomen;;vacsora
das;Pausenbrot;e;;;;nomen;;tízórai
die;Jause;n;;;;nomen;;uzsonna
;naschen;;;;;verben;;nassolni
;knabbern;;;;;verben;;rág, rágcsál
die;Fleischsuppe;n;;;;nomen;;húsleves
die;Grießknödelsuppe;n;;;;nomen;;grízgaluska leves
die;Beilage;n;;;;nomen;;köret, melléklet
die;Röstkartoffeln;;;;;nomen;;sültkrumpli
der;Pommes frites;;;;;nomen;;hasábburgonya, sütkrumpli
das;Kartoffelpüree;s;;;;nomen;;krumplipüré
die;Kartoffelkrokette;n;;;;nomen;;krumpli krokett
der;Reis;;;;;nomen;;rizs
die;Nudel;n;;;;;;
der;Knödel;-;;;;;;
der;Salat;e;;;;;;
;gemisch;;;;;;;
das;Eis;;;;;;;
der;Pudding;s;;;;;;
das;Kompott;e;;;;;;
die;Torte;n;;;;;;
das;Gedeck;e;;;;;;
die;Tasse;n;;;;;;
der;Löffel;-;;;;;;
die;Schüssel;n;;;;;tál;
;zubereiten;;;;;;;
die;Platte;n;;;;;;
;schälen;;;;;;;
der;Brotkorb;Brotkörbe;;;;;;
;waschen;;;;;;;
;schneiden;;;;;;;
;mahlen;;;;;;;
;hacken;;;;;;;
;schlagen;;;;;;;
;würzen;;;;;;;
;dünsten;;;;;;;
;grillen;;;;;;;
;kosten;;;;;;;
;rühren;;;;;;;
;wenden;;;;;;;
;braten;;;;;;;
;richtig;;;;;;;
;falsch;;;;;;;
;ernähren;;;;;;;
;vernünftig;;;;;;;
das;Fastfood;;;;;;;
;mineralhaltig;;;;;;;
das;Vollkornbrot;;;;;;;
;bevorzugen;;;;;;;
;kauen;;;;;;;
;schlank;;;;;;;
;bleiben;;;;;;;
